future_name,date_id,close,settle,sec_name
T.CFE,2015/3/20,97.09,97.05,T1509.CFE
T.CFE,2015/3/23,97.02,96.96,T1509.CFE
T.CFE,2015/3/24,96.92,96.91,T1509.CFE
T.CFE,2015/3/25,96.85,96.84,T1509.CFE
T.CFE,2015/3/26,96.37,96.42,T1509.CFE
T.CFE,2015/3/27,96.49,96.375,T1509.CFE
T.CFE,2015/3/30,96.16,96.09,T1509.CFE
T.CFE,2015/3/31,95.65,95.71,T1509.CFE
T.CFE,2015/4/1,96.095,95.99,T1509.CFE
T.CFE,2015/4/2,96.32,96.29,T1509.CFE
T.CFE,2015/4/3,96.01,96.09,T1509.CFE
T.CFE,2015/4/7,95.93,95.98,T1509.CFE
T.CFE,2015/4/8,95.16,95.23,T1509.CFE
T.CFE,2015/4/9,95.265,95.24,T1509.CFE
T.CFE,2015/4/10,95.19,95.21,T1509.CFE
T.CFE,2015/4/13,95.63,95.62,T1509.CFE
T.CFE,2015/4/14,95.57,95.73,T1509.CFE
T.CFE,2015/4/15,96.15,96.04,T1509.CFE
T.CFE,2015/4/16,96.18,96.175,T1509.CFE
T.CFE,2015/4/17,96.3,96.285,T1509.CFE
T.CFE,2015/4/20,97.25,97.205,T1509.CFE
T.CFE,2015/4/21,97.39,97.48,T1509.CFE
T.CFE,2015/4/22,97.42,97.46,T1509.CFE
T.CFE,2015/4/23,97.34,97.275,T1509.CFE
T.CFE,2015/4/24,97.03,97.005,T1509.CFE
T.CFE,2015/4/27,97.76,97.765,T1509.CFE
T.CFE,2015/4/28,97.74,97.71,T1509.CFE
T.CFE,2015/4/29,97.69,97.7,T1509.CFE
T.CFE,2015/4/30,97.955,98.025,T1509.CFE
T.CFE,2015/5/4,97.6,97.62,T1509.CFE
T.CFE,2015/5/5,97.505,97.525,T1509.CFE
T.CFE,2015/5/6,97.155,97.195,T1509.CFE
T.CFE,2015/5/7,97.2,97.195,T1509.CFE
T.CFE,2015/5/8,97.45,97.515,T1509.CFE
T.CFE,2015/5/11,97.32,97.365,T1509.CFE
T.CFE,2015/5/12,96.99,96.985,T1509.CFE
T.CFE,2015/5/13,97.225,97.275,T1509.CFE
T.CFE,2015/5/14,97.1,97.12,T1509.CFE
T.CFE,2015/5/15,97.185,97.16,T1509.CFE
T.CFE,2015/5/18,96.705,96.845,T1509.CFE
T.CFE,2015/5/19,96.56,96.555,T1509.CFE
T.CFE,2015/5/20,96.88,96.85,T1509.CFE
T.CFE,2015/5/21,96.675,96.69,T1509.CFE
T.CFE,2015/5/22,96.74,96.71,T1509.CFE
T.CFE,2015/5/25,96.52,96.505,T1509.CFE
T.CFE,2015/5/26,95.66,95.57,T1509.CFE
T.CFE,2015/5/27,95.8,95.77,T1509.CFE
T.CFE,2015/5/28,95,95.085,T1509.CFE
T.CFE,2015/5/29,94.92,94.945,T1509.CFE
T.CFE,2015/6/1,94.215,94.14,T1509.CFE
T.CFE,2015/6/2,94.99,94.76,T1509.CFE
T.CFE,2015/6/3,95.06,94.96,T1509.CFE
T.CFE,2015/6/4,94.91,94.92,T1509.CFE
T.CFE,2015/6/5,95.3,95.31,T1509.CFE
T.CFE,2015/6/8,95.56,95.565,T1509.CFE
T.CFE,2015/6/9,95.475,95.49,T1509.CFE
T.CFE,2015/6/10,94.98,95.065,T1509.CFE
T.CFE,2015/6/11,94.83,94.91,T1509.CFE
T.CFE,2015/6/12,94.62,94.635,T1509.CFE
T.CFE,2015/6/15,94.205,94.25,T1509.CFE
T.CFE,2015/6/16,95.13,95.015,T1509.CFE
T.CFE,2015/6/17,94.96,94.92,T1509.CFE
T.CFE,2015/6/18,95.25,95.25,T1509.CFE
T.CFE,2015/6/19,95.02,94.995,T1509.CFE
T.CFE,2015/6/23,94.91,94.96,T1509.CFE
T.CFE,2015/6/24,94.885,94.885,T1509.CFE
T.CFE,2015/6/25,94.8,94.775,T1509.CFE
T.CFE,2015/6/26,94.715,94.72,T1509.CFE
T.CFE,2015/6/29,94.535,94.47,T1509.CFE
T.CFE,2015/6/30,94.755,94.76,T1509.CFE
T.CFE,2015/7/1,94.645,94.675,T1509.CFE
T.CFE,2015/7/2,94.61,94.64,T1509.CFE
T.CFE,2015/7/3,95.22,95.195,T1509.CFE
T.CFE,2015/7/6,95.92,95.915,T1509.CFE
T.CFE,2015/7/7,96.28,96.235,T1509.CFE
T.CFE,2015/7/8,95.8,95.635,T1509.CFE
T.CFE,2015/7/9,96.15,96.21,T1509.CFE
T.CFE,2015/7/10,95.95,95.92,T1509.CFE
T.CFE,2015/7/13,95.72,95.76,T1509.CFE
T.CFE,2015/7/14,95.575,95.59,T1509.CFE
T.CFE,2015/7/15,95.445,95.43,T1509.CFE
T.CFE,2015/7/16,95.75,95.7,T1509.CFE
T.CFE,2015/7/17,95.8,95.775,T1509.CFE
T.CFE,2015/7/20,95.75,95.765,T1509.CFE
T.CFE,2015/7/21,95.54,95.58,T1509.CFE
T.CFE,2015/7/22,95.63,95.63,T1509.CFE
T.CFE,2015/7/23,95.91,95.895,T1509.CFE
T.CFE,2015/7/24,95.86,95.895,T1509.CFE
T.CFE,2015/7/27,96.04,95.955,T1509.CFE
T.CFE,2015/7/28,96.03,96.05,T1509.CFE
T.CFE,2015/7/29,96.11,96.105,T1509.CFE
T.CFE,2015/7/30,95.98,96,T1509.CFE
T.CFE,2015/7/31,95.545,95.545,T1509.CFE
T.CFE,2015/8/3,95.555,95.545,T1509.CFE
T.CFE,2015/8/4,95.71,95.69,T1509.CFE
T.CFE,2015/8/5,95.605,95.595,T1509.CFE
T.CFE,2015/8/6,95.875,95.76,T1509.CFE
T.CFE,2015/8/7,95.915,95.825,T1509.CFE
T.CFE,2015/8/10,95.675,95.655,T1509.CFE
T.CFE,2015/8/11,95.19,95.23,T1509.CFE
T.CFE,2015/8/12,95.33,95.27,T1509.CFE
T.CFE,2015/8/13,95.52,95.505,T1512.CFE
T.CFE,2015/8/14,95.64,95.615,T1512.CFE
T.CFE,2015/8/17,95.32,95.35,T1512.CFE
T.CFE,2015/8/18,95.485,95.43,T1512.CFE
T.CFE,2015/8/19,95.37,95.36,T1512.CFE
T.CFE,2015/8/20,95.45,95.43,T1512.CFE
T.CFE,2015/8/21,95.52,95.525,T1512.CFE
T.CFE,2015/8/24,95.785,95.75,T1512.CFE
T.CFE,2015/8/25,95.8,95.775,T1512.CFE
T.CFE,2015/8/26,96.005,95.98,T1512.CFE
T.CFE,2015/8/27,96.4,96.325,T1512.CFE
T.CFE,2015/8/28,96.255,96.265,T1512.CFE
T.CFE,2015/8/31,96.76,96.755,T1512.CFE
T.CFE,2015/9/1,96.915,96.9,T1512.CFE
T.CFE,2015/9/2,96.62,96.6,T1512.CFE
T.CFE,2015/9/7,96.42,96.45,T1512.CFE
T.CFE,2015/9/8,96.375,96.355,T1512.CFE
T.CFE,2015/9/9,96.195,96.265,T1512.CFE
T.CFE,2015/9/10,96.395,96.395,T1512.CFE
T.CFE,2015/9/11,96.255,96.29,T1512.CFE
T.CFE,2015/9/14,96.41,96.4,T1512.CFE
T.CFE,2015/9/15,96.655,96.615,T1512.CFE
T.CFE,2015/9/16,96.535,96.51,T1512.CFE
T.CFE,2015/9/17,96.365,96.295,T1512.CFE
T.CFE,2015/9/18,96.395,96.415,T1512.CFE
T.CFE,2015/9/21,96.415,96.415,T1512.CFE
T.CFE,2015/9/22,96.26,96.225,T1512.CFE
T.CFE,2015/9/23,96.305,96.33,T1512.CFE
T.CFE,2015/9/24,96.515,96.44,T1512.CFE
T.CFE,2015/9/25,96.665,96.64,T1512.CFE
T.CFE,2015/9/28,96.935,96.925,T1512.CFE
T.CFE,2015/9/29,97.23,97.245,T1512.CFE
T.CFE,2015/9/30,97.315,97.25,T1512.CFE
T.CFE,2015/10/8,97.27,97.235,T1512.CFE
T.CFE,2015/10/9,98.13,97.99,T1512.CFE
T.CFE,2015/10/12,98.185,98.18,T1512.CFE
T.CFE,2015/10/13,98.72,98.575,T1512.CFE
T.CFE,2015/10/14,98.715,98.7,T1512.CFE
T.CFE,2015/10/15,98.53,98.53,T1512.CFE
T.CFE,2015/10/16,98.07,98.085,T1512.CFE
T.CFE,2015/10/19,98.22,98.145,T1512.CFE
T.CFE,2015/10/20,99.165,98.965,T1512.CFE
T.CFE,2015/10/21,98.885,98.93,T1512.CFE
T.CFE,2015/10/22,99.29,99.16,T1512.CFE
T.CFE,2015/10/23,98.955,99.21,T1512.CFE
T.CFE,2015/10/26,99.245,99.22,T1512.CFE
T.CFE,2015/10/27,99.765,99.765,T1512.CFE
T.CFE,2015/10/28,99.39,99.435,T1512.CFE
T.CFE,2015/10/29,98.685,98.82,T1512.CFE
T.CFE,2015/10/30,98.83,98.84,T1512.CFE
T.CFE,2015/11/2,98.805,98.84,T1512.CFE
T.CFE,2015/11/3,98.6,98.635,T1512.CFE
T.CFE,2015/11/4,98.355,98.31,T1512.CFE
T.CFE,2015/11/5,98.665,98.61,T1512.CFE
T.CFE,2015/11/6,98.255,98.245,T1512.CFE
T.CFE,2015/11/9,97.29,97.39,T1512.CFE
T.CFE,2015/11/10,97.66,97.61,T1512.CFE
T.CFE,2015/11/11,98.175,98.075,T1512.CFE
T.CFE,2015/11/12,98.085,98.07,T1512.CFE
T.CFE,2015/11/13,97.885,97.93,T1603.CFE
T.CFE,2015/11/16,98.06,98.015,T1603.CFE
T.CFE,2015/11/17,98.13,98.02,T1603.CFE
T.CFE,2015/11/18,97.625,97.685,T1603.CFE
T.CFE,2015/11/19,97.705,97.735,T1603.CFE
T.CFE,2015/11/20,98.235,98.17,T1603.CFE
T.CFE,2015/11/23,98.045,97.93,T1603.CFE
T.CFE,2015/11/24,98.51,98.43,T1603.CFE
T.CFE,2015/11/25,98.59,98.55,T1603.CFE
T.CFE,2015/11/26,98.94,98.93,T1603.CFE
T.CFE,2015/11/27,98.695,98.655,T1603.CFE
T.CFE,2015/11/30,99.015,99.035,T1603.CFE
T.CFE,2015/12/1,98.75,98.73,T1603.CFE
T.CFE,2015/12/2,98.83,98.835,T1603.CFE
T.CFE,2015/12/3,98.965,98.975,T1603.CFE
T.CFE,2015/12/4,98.86,98.885,T1603.CFE
T.CFE,2015/12/7,98.95,98.915,T1603.CFE
T.CFE,2015/12/8,99.195,99.14,T1603.CFE
T.CFE,2015/12/9,99.17,99.18,T1603.CFE
T.CFE,2015/12/10,99.105,99.09,T1603.CFE
T.CFE,2015/12/11,99.37,99.275,T1603.CFE
T.CFE,2015/12/14,98.87,98.875,T1603.CFE
T.CFE,2015/12/15,99.085,99.07,T1603.CFE
T.CFE,2015/12/16,99.16,99.16,T1603.CFE
T.CFE,2015/12/17,99.15,99.16,T1603.CFE
T.CFE,2015/12/18,99.56,99.55,T1603.CFE
T.CFE,2015/12/21,99.805,99.84,T1603.CFE
T.CFE,2015/12/22,99.905,99.87,T1603.CFE
T.CFE,2015/12/23,99.98,99.97,T1603.CFE
T.CFE,2015/12/24,100.28,100.27,T1603.CFE
T.CFE,2015/12/25,100.26,100.255,T1603.CFE
T.CFE,2015/12/28,100.48,100.445,T1603.CFE
T.CFE,2015/12/29,100.23,100.27,T1603.CFE
T.CFE,2015/12/30,100.15,100.175,T1603.CFE
T.CFE,2015/12/31,100.035,100.055,T1603.CFE
T.CFE,2016/1/4,99.865,99.91,T1603.CFE
T.CFE,2016/1/5,99.595,99.66,T1603.CFE
T.CFE,2016/1/6,100.02,99.98,T1603.CFE
T.CFE,2016/1/7,99.865,99.86,T1603.CFE
T.CFE,2016/1/8,100.24,100.225,T1603.CFE
T.CFE,2016/1/11,100.23,100.24,T1603.CFE
T.CFE,2016/1/12,100.62,100.61,T1603.CFE
T.CFE,2016/1/13,100.82,100.775,T1603.CFE
T.CFE,2016/1/14,100.445,100.435,T1603.CFE
T.CFE,2016/1/15,100.645,100.615,T1603.CFE
T.CFE,2016/1/18,100.285,100.235,T1603.CFE
T.CFE,2016/1/19,100.13,100.155,T1603.CFE
T.CFE,2016/1/20,100.27,100.185,T1603.CFE
T.CFE,2016/1/21,100.365,100.385,T1603.CFE
T.CFE,2016/1/22,100.42,100.37,T1603.CFE
T.CFE,2016/1/25,99.835,99.87,T1603.CFE
T.CFE,2016/1/26,99.91,99.93,T1603.CFE
T.CFE,2016/1/27,99.77,99.695,T1603.CFE
T.CFE,2016/1/28,99.965,99.955,T1603.CFE
T.CFE,2016/1/29,100.365,100.34,T1603.CFE
T.CFE,2016/2/1,100.34,100.31,T1603.CFE
T.CFE,2016/2/2,99.92,99.94,T1603.CFE
T.CFE,2016/2/3,100.07,100.035,T1603.CFE
T.CFE,2016/2/4,99.535,99.53,T1606.CFE
T.CFE,2016/2/5,99.66,99.705,T1606.CFE
T.CFE,2016/2/15,100.185,100.12,T1606.CFE
T.CFE,2016/2/16,99.77,99.82,T1606.CFE
T.CFE,2016/2/17,99.78,99.805,T1606.CFE
T.CFE,2016/2/18,99.89,99.89,T1606.CFE
T.CFE,2016/2/19,99.765,99.8,T1606.CFE
T.CFE,2016/2/22,99.695,99.7,T1606.CFE
T.CFE,2016/2/23,99.605,99.645,T1606.CFE
T.CFE,2016/2/24,99.51,99.6,T1606.CFE
T.CFE,2016/2/25,99.345,99.41,T1606.CFE
T.CFE,2016/2/26,99.42,99.375,T1606.CFE
T.CFE,2016/2/29,99.46,99.425,T1606.CFE
T.CFE,2016/3/1,99.385,99.35,T1606.CFE
T.CFE,2016/3/2,99.135,99.15,T1606.CFE
T.CFE,2016/3/3,98.96,98.96,T1606.CFE
T.CFE,2016/3/4,99.085,99.055,T1606.CFE
T.CFE,2016/3/7,98.695,98.695,T1606.CFE
T.CFE,2016/3/8,98.82,98.8,T1606.CFE
T.CFE,2016/3/9,99.135,99.125,T1606.CFE
T.CFE,2016/3/10,99.42,99.355,T1606.CFE
T.CFE,2016/3/11,99.79,99.64,T1606.CFE
T.CFE,2016/3/14,99.65,99.61,T1606.CFE
T.CFE,2016/3/15,99.71,99.7,T1606.CFE
T.CFE,2016/3/16,99.985,99.935,T1606.CFE
T.CFE,2016/3/17,99.695,99.73,T1606.CFE
T.CFE,2016/3/18,99.68,99.685,T1606.CFE
T.CFE,2016/3/21,99.51,99.51,T1606.CFE
T.CFE,2016/3/22,99.625,99.62,T1606.CFE
T.CFE,2016/3/23,99.645,99.67,T1606.CFE
T.CFE,2016/3/24,99.855,99.86,T1606.CFE
T.CFE,2016/3/25,99.815,99.825,T1606.CFE
T.CFE,2016/3/28,99.615,99.64,T1606.CFE
T.CFE,2016/3/29,99.805,99.8,T1606.CFE
T.CFE,2016/3/30,99.8,99.795,T1606.CFE
T.CFE,2016/3/31,99.8,99.8,T1606.CFE
T.CFE,2016/4/1,99.87,99.875,T1606.CFE
T.CFE,2016/4/5,99.63,99.66,T1606.CFE
T.CFE,2016/4/6,99.575,99.57,T1606.CFE
T.CFE,2016/4/7,99.475,99.46,T1606.CFE
T.CFE,2016/4/8,99.68,99.735,T1606.CFE
T.CFE,2016/4/11,99.745,99.735,T1606.CFE
T.CFE,2016/4/12,99.75,99.715,T1606.CFE
T.CFE,2016/4/13,99.55,99.535,T1606.CFE
T.CFE,2016/4/14,99.265,99.255,T1606.CFE
T.CFE,2016/4/15,99.485,99.525,T1606.CFE
T.CFE,2016/4/18,99.505,99.5,T1606.CFE
T.CFE,2016/4/19,99.58,99.595,T1606.CFE
T.CFE,2016/4/20,99.295,99.315,T1606.CFE
T.CFE,2016/4/21,99.305,99.255,T1606.CFE
T.CFE,2016/4/22,99.385,99.39,T1606.CFE
T.CFE,2016/4/25,99.05,99.075,T1606.CFE
T.CFE,2016/4/26,99.345,99.365,T1606.CFE
T.CFE,2016/4/27,99.345,99.35,T1606.CFE
T.CFE,2016/4/28,99.61,99.605,T1606.CFE
T.CFE,2016/4/29,99.515,99.51,T1606.CFE
T.CFE,2016/5/3,99.75,99.775,T1606.CFE
T.CFE,2016/5/4,99.845,99.84,T1606.CFE
T.CFE,2016/5/5,98.405,98.4,T1609.CFE
T.CFE,2016/5/6,98.465,98.47,T1609.CFE
T.CFE,2016/5/9,99.17,99.115,T1609.CFE
T.CFE,2016/5/10,99.24,99.15,T1609.CFE
T.CFE,2016/5/11,99.195,99.195,T1609.CFE
T.CFE,2016/5/12,99.49,99.47,T1609.CFE
T.CFE,2016/5/13,99.37,99.305,T1609.CFE
T.CFE,2016/5/16,98.99,99.04,T1609.CFE
T.CFE,2016/5/17,99.01,99.02,T1609.CFE
T.CFE,2016/5/18,98.795,98.78,T1609.CFE
T.CFE,2016/5/19,98.845,98.805,T1609.CFE
T.CFE,2016/5/20,99.095,99.095,T1609.CFE
T.CFE,2016/5/23,99.075,99.055,T1609.CFE
T.CFE,2016/5/24,99.29,99.255,T1609.CFE
T.CFE,2016/5/25,99.27,99.265,T1609.CFE
T.CFE,2016/5/26,99.14,99.155,T1609.CFE
T.CFE,2016/5/27,99.07,99.06,T1609.CFE
T.CFE,2016/5/30,98.93,98.955,T1609.CFE
T.CFE,2016/5/31,99.145,99.09,T1609.CFE
T.CFE,2016/6/1,99.075,99.085,T1609.CFE
T.CFE,2016/6/2,98.945,98.935,T1609.CFE
T.CFE,2016/6/3,98.985,98.955,T1609.CFE
T.CFE,2016/6/6,99.04,99.06,T1609.CFE
T.CFE,2016/6/7,98.955,98.975,T1609.CFE
T.CFE,2016/6/8,98.94,98.94,T1609.CFE
T.CFE,2016/6/13,99.19,99.155,T1609.CFE
T.CFE,2016/6/14,99.41,99.405,T1609.CFE
T.CFE,2016/6/15,99.485,99.47,T1609.CFE
T.CFE,2016/6/16,99.795,99.765,T1609.CFE
T.CFE,2016/6/17,99.73,99.75,T1609.CFE
T.CFE,2016/6/20,99.715,99.755,T1609.CFE
T.CFE,2016/6/21,99.835,99.805,T1609.CFE
T.CFE,2016/6/22,99.88,99.94,T1609.CFE
T.CFE,2016/6/23,99.865,99.86,T1609.CFE
T.CFE,2016/6/24,100.165,100.155,T1609.CFE
T.CFE,2016/6/27,100.45,100.44,T1609.CFE
T.CFE,2016/6/28,100.14,100.2,T1609.CFE
T.CFE,2016/6/29,100.105,100.085,T1609.CFE
T.CFE,2016/6/30,100.39,100.36,T1609.CFE
T.CFE,2016/7/1,100.63,100.615,T1609.CFE
T.CFE,2016/7/4,100.36,100.33,T1609.CFE
T.CFE,2016/7/5,100.265,100.265,T1609.CFE
T.CFE,2016/7/6,100.43,100.465,T1609.CFE
T.CFE,2016/7/7,100.69,100.63,T1609.CFE
T.CFE,2016/7/8,100.695,100.705,T1609.CFE
T.CFE,2016/7/11,100.495,100.485,T1609.CFE
T.CFE,2016/7/12,100.315,100.35,T1609.CFE
T.CFE,2016/7/13,100.25,100.255,T1609.CFE
T.CFE,2016/7/14,100.32,100.33,T1609.CFE
T.CFE,2016/7/15,100.55,100.55,T1609.CFE
T.CFE,2016/7/18,100.545,100.48,T1609.CFE
T.CFE,2016/7/19,100.6,100.585,T1609.CFE
T.CFE,2016/7/20,100.895,100.87,T1609.CFE
T.CFE,2016/7/21,100.955,100.945,T1609.CFE
T.CFE,2016/7/22,100.96,100.985,T1609.CFE
T.CFE,2016/7/25,100.795,100.785,T1609.CFE
T.CFE,2016/7/26,100.99,100.995,T1609.CFE
T.CFE,2016/7/27,100.9,100.91,T1609.CFE
T.CFE,2016/7/28,101.165,101.135,T1609.CFE
T.CFE,2016/7/29,101.065,101.07,T1609.CFE
T.CFE,2016/8/1,100.935,100.975,T1609.CFE
T.CFE,2016/8/2,101.075,101.095,T1609.CFE
T.CFE,2016/8/3,101.185,101.15,T1609.CFE
T.CFE,2016/8/4,101.21,101.205,T1609.CFE
T.CFE,2016/8/5,101.465,101.455,T1609.CFE
T.CFE,2016/8/8,101.475,101.445,T1609.CFE
T.CFE,2016/8/9,101.2,101.21,T1612.CFE
T.CFE,2016/8/10,101.17,101.21,T1612.CFE
T.CFE,2016/8/11,101.315,101.315,T1612.CFE
T.CFE,2016/8/12,101.55,101.56,T1612.CFE
T.CFE,2016/8/15,101.71,101.665,T1612.CFE
T.CFE,2016/8/16,101.48,101.525,T1612.CFE
T.CFE,2016/8/17,101.41,101.425,T1612.CFE
T.CFE,2016/8/18,101.435,101.435,T1612.CFE
T.CFE,2016/8/19,101.185,101.15,T1612.CFE
T.CFE,2016/8/22,101.375,101.335,T1612.CFE
T.CFE,2016/8/23,100.985,100.965,T1612.CFE
T.CFE,2016/8/24,100.97,100.89,T1612.CFE
T.CFE,2016/8/25,100.915,100.89,T1612.CFE
T.CFE,2016/8/26,101.155,101.14,T1612.CFE
T.CFE,2016/8/29,100.955,100.96,T1612.CFE
T.CFE,2016/8/30,100.61,100.645,T1612.CFE
T.CFE,2016/8/31,100.7,100.725,T1612.CFE
T.CFE,2016/9/1,100.77,100.765,T1612.CFE
T.CFE,2016/9/2,100.74,100.725,T1612.CFE
T.CFE,2016/9/5,100.705,100.715,T1612.CFE
T.CFE,2016/9/6,100.62,100.61,T1612.CFE
T.CFE,2016/9/7,100.565,100.545,T1612.CFE
T.CFE,2016/9/8,100.755,100.745,T1612.CFE
T.CFE,2016/9/9,100.85,100.915,T1612.CFE
T.CFE,2016/9/12,100.645,100.645,T1612.CFE
T.CFE,2016/9/13,100.92,100.9,T1612.CFE
T.CFE,2016/9/14,100.975,100.965,T1612.CFE
T.CFE,2016/9/19,101.01,101.01,T1612.CFE
T.CFE,2016/9/20,101.04,101.055,T1612.CFE
T.CFE,2016/9/21,101.035,101.03,T1612.CFE
T.CFE,2016/9/22,101.02,101.025,T1612.CFE
T.CFE,2016/9/23,101.15,101.12,T1612.CFE
T.CFE,2016/9/26,101.25,101.24,T1612.CFE
T.CFE,2016/9/27,101.225,101.195,T1612.CFE
T.CFE,2016/9/28,101.2,101.195,T1612.CFE
T.CFE,2016/9/29,101.18,101.17,T1612.CFE
T.CFE,2016/9/30,101.19,101.2,T1612.CFE
T.CFE,2016/10/10,101.535,101.525,T1612.CFE
T.CFE,2016/10/11,101.435,101.44,T1612.CFE
T.CFE,2016/10/12,101.305,101.28,T1612.CFE
T.CFE,2016/10/13,101.41,101.405,T1612.CFE
T.CFE,2016/10/14,101.47,101.47,T1612.CFE
T.CFE,2016/10/17,101.53,101.5,T1612.CFE
T.CFE,2016/10/18,101.485,101.465,T1612.CFE
T.CFE,2016/10/19,101.66,101.665,T1612.CFE
T.CFE,2016/10/20,101.89,101.875,T1612.CFE
T.CFE,2016/10/21,101.95,101.935,T1612.CFE
T.CFE,2016/10/24,101.605,101.655,T1612.CFE
T.CFE,2016/10/25,101.5,101.495,T1612.CFE
T.CFE,2016/10/26,101.285,101.23,T1612.CFE
T.CFE,2016/10/27,101.52,101.51,T1612.CFE
T.CFE,2016/10/28,101.56,101.535,T1612.CFE
T.CFE,2016/10/31,101.245,101.265,T1612.CFE
T.CFE,2016/11/1,101.33,101.335,T1612.CFE
T.CFE,2016/11/2,101.365,101.35,T1612.CFE
T.CFE,2016/11/3,101.53,101.51,T1612.CFE
T.CFE,2016/11/4,101.535,101.53,T1612.CFE
T.CFE,2016/11/7,101.295,101.295,T1612.CFE
T.CFE,2016/11/8,101.24,101.22,T1612.CFE
T.CFE,2016/11/9,100.415,100.425,T1703.CFE
T.CFE,2016/11/10,100.085,100.1,T1703.CFE
T.CFE,2016/11/11,99.87,99.875,T1703.CFE
T.CFE,2016/11/14,99.67,99.7,T1703.CFE
T.CFE,2016/11/15,99.84,99.775,T1703.CFE
T.CFE,2016/11/16,99.61,99.68,T1703.CFE
T.CFE,2016/11/17,99.495,99.55,T1703.CFE
T.CFE,2016/11/18,99.44,99.495,T1703.CFE
T.CFE,2016/11/21,99.535,99.55,T1703.CFE
T.CFE,2016/11/22,99.55,99.525,T1703.CFE
T.CFE,2016/11/23,99.845,99.8,T1703.CFE
T.CFE,2016/11/24,99.695,99.715,T1703.CFE
T.CFE,2016/11/25,99.58,99.59,T1703.CFE
T.CFE,2016/11/28,99.595,99.635,T1703.CFE
T.CFE,2016/11/29,98.93,98.99,T1703.CFE
T.CFE,2016/11/30,98.855,98.815,T1703.CFE
T.CFE,2016/12/1,98.185,98.195,T1703.CFE
T.CFE,2016/12/2,98.255,98.225,T1703.CFE
T.CFE,2016/12/5,97.98,98.065,T1703.CFE
T.CFE,2016/12/6,97.58,97.575,T1703.CFE
T.CFE,2016/12/7,97.755,97.71,T1703.CFE
T.CFE,2016/12/8,97.805,97.77,T1703.CFE
T.CFE,2016/12/9,97.705,97.715,T1703.CFE
T.CFE,2016/12/12,96.685,96.855,T1703.CFE
T.CFE,2016/12/13,96.53,96.525,T1703.CFE
T.CFE,2016/12/14,96.27,96.3,T1703.CFE
T.CFE,2016/12/15,94.555,94.63,T1703.CFE
T.CFE,2016/12/16,95.86,95.77,T1703.CFE
T.CFE,2016/12/19,94.67,94.59,T1703.CFE
T.CFE,2016/12/20,94.75,94.755,T1703.CFE
T.CFE,2016/12/21,96.245,96.18,T1703.CFE
T.CFE,2016/12/22,96.98,96.83,T1703.CFE
T.CFE,2016/12/23,96.57,96.65,T1703.CFE
T.CFE,2016/12/26,96.65,96.655,T1703.CFE
T.CFE,2016/12/27,96.195,96.19,T1703.CFE
T.CFE,2016/12/28,96.635,96.535,T1703.CFE
T.CFE,2016/12/29,97.675,97.565,T1703.CFE
T.CFE,2016/12/30,97.32,97.33,T1703.CFE
T.CFE,2017/1/3,97.39,97.37,T1703.CFE
T.CFE,2017/1/4,97.23,97.175,T1703.CFE
T.CFE,2017/1/5,97.45,97.275,T1703.CFE
T.CFE,2017/1/6,97.24,97.21,T1703.CFE
T.CFE,2017/1/9,97.635,97.61,T1703.CFE
T.CFE,2017/1/10,97.59,97.595,T1703.CFE
T.CFE,2017/1/11,97.27,97.3,T1703.CFE
T.CFE,2017/1/12,97.355,97.545,T1703.CFE
T.CFE,2017/1/13,97.495,97.52,T1703.CFE
T.CFE,2017/1/16,96.86,96.94,T1703.CFE
T.CFE,2017/1/17,96.6,96.6,T1703.CFE
T.CFE,2017/1/18,95.24,95.28,T1706.CFE
T.CFE,2017/1/19,95.495,95.53,T1706.CFE
T.CFE,2017/1/20,95.77,95.8,T1706.CFE
T.CFE,2017/1/23,95.705,95.68,T1706.CFE
T.CFE,2017/1/24,94.895,95.35,T1706.CFE
T.CFE,2017/1/25,94.6,94.51,T1706.CFE
T.CFE,2017/1/26,94.27,94.27,T1706.CFE
T.CFE,2017/2/3,93.495,93.36,T1706.CFE
T.CFE,2017/2/6,93.365,93.415,T1706.CFE
T.CFE,2017/2/7,93.68,93.645,T1706.CFE
T.CFE,2017/2/8,94.18,93.92,T1706.CFE
T.CFE,2017/2/9,94.55,94.55,T1706.CFE
T.CFE,2017/2/10,94.355,94.32,T1706.CFE
T.CFE,2017/2/13,94.75,94.72,T1706.CFE
T.CFE,2017/2/14,94.495,94.405,T1706.CFE
T.CFE,2017/2/15,94.305,94.34,T1706.CFE
T.CFE,2017/2/16,95.145,94.845,T1706.CFE
T.CFE,2017/2/17,95.12,95.095,T1706.CFE
T.CFE,2017/2/20,95.625,95.595,T1706.CFE
T.CFE,2017/2/21,95.06,95.105,T1706.CFE
T.CFE,2017/2/22,95.62,95.56,T1706.CFE
T.CFE,2017/2/23,95.61,95.64,T1706.CFE
T.CFE,2017/2/24,95.655,95.745,T1706.CFE
T.CFE,2017/2/27,95.565,95.63,T1706.CFE
T.CFE,2017/2/28,95.83,95.765,T1706.CFE
T.CFE,2017/3/1,95.175,95.22,T1706.CFE
T.CFE,2017/3/2,95.115,95.09,T1706.CFE
T.CFE,2017/3/3,94.975,95.04,T1706.CFE
T.CFE,2017/3/6,94.935,94.98,T1706.CFE
T.CFE,2017/3/7,95.155,95.14,T1706.CFE
T.CFE,2017/3/8,94.675,94.73,T1706.CFE
T.CFE,2017/3/9,94.55,94.57,T1706.CFE
T.CFE,2017/3/10,94.685,94.665,T1706.CFE
T.CFE,2017/3/13,95.48,95.265,T1706.CFE
T.CFE,2017/3/14,95.55,95.53,T1706.CFE
T.CFE,2017/3/15,95.67,95.63,T1706.CFE
T.CFE,2017/3/16,96.355,96.295,T1706.CFE
T.CFE,2017/3/17,96.28,96.38,T1706.CFE
T.CFE,2017/3/20,96.365,96.4,T1706.CFE
T.CFE,2017/3/21,96.58,96.48,T1706.CFE
T.CFE,2017/3/22,96.58,96.515,T1706.CFE
T.CFE,2017/3/23,96.7,96.655,T1706.CFE
T.CFE,2017/3/24,97.315,97.33,T1706.CFE
T.CFE,2017/3/27,97.31,97.3,T1706.CFE
T.CFE,2017/3/28,96.91,96.945,T1706.CFE
T.CFE,2017/3/29,96.905,97.075,T1706.CFE
T.CFE,2017/3/30,96.85,96.785,T1706.CFE
T.CFE,2017/3/31,96.84,96.85,T1706.CFE
T.CFE,2017/4/5,96.54,96.52,T1706.CFE
T.CFE,2017/4/6,96.81,96.715,T1706.CFE
T.CFE,2017/4/7,97.16,97.06,T1706.CFE
T.CFE,2017/4/10,96.835,96.845,T1706.CFE
T.CFE,2017/4/11,96.935,96.915,T1706.CFE
T.CFE,2017/4/12,96.77,96.795,T1706.CFE
T.CFE,2017/4/13,96.905,96.805,T1706.CFE
T.CFE,2017/4/14,96.49,96.585,T1706.CFE
T.CFE,2017/4/17,96.065,96.09,T1706.CFE
T.CFE,2017/4/18,96.15,96.16,T1706.CFE
T.CFE,2017/4/19,96.275,96.19,T1706.CFE
T.CFE,2017/4/20,96.225,96.24,T1706.CFE
T.CFE,2017/4/21,95.835,95.85,T1706.CFE
T.CFE,2017/4/24,95.39,95.355,T1706.CFE
T.CFE,2017/4/25,95.88,95.865,T1706.CFE
T.CFE,2017/4/26,95.93,95.91,T1706.CFE
T.CFE,2017/4/27,96.095,96.125,T1706.CFE
T.CFE,2017/4/28,95.91,95.885,T1706.CFE
T.CFE,2017/5/2,95.775,95.735,T1706.CFE
T.CFE,2017/5/3,95.665,95.6,T1706.CFE
T.CFE,2017/5/4,95.18,95.3,T1706.CFE
T.CFE,2017/5/5,95.235,95.145,T1706.CFE
T.CFE,2017/5/8,94.84,94.905,T1706.CFE
T.CFE,2017/5/9,94.015,94.055,T1709.CFE
T.CFE,2017/5/10,93.65,93.605,T1709.CFE
T.CFE,2017/5/11,94.315,94.295,T1709.CFE
T.CFE,2017/5/12,93.995,94.09,T1709.CFE
T.CFE,2017/5/15,94.515,94.49,T1709.CFE
T.CFE,2017/5/16,94.325,94.245,T1709.CFE
T.CFE,2017/5/17,94.445,94.365,T1709.CFE
T.CFE,2017/5/18,94.705,94.76,T1709.CFE
T.CFE,2017/5/19,94.66,94.6,T1709.CFE
T.CFE,2017/5/22,94.085,94.175,T1709.CFE
T.CFE,2017/5/23,94.065,94.13,T1709.CFE
T.CFE,2017/5/24,94.305,94.3,T1709.CFE
T.CFE,2017/5/25,94.395,94.3,T1709.CFE
T.CFE,2017/5/26,94.3,94.27,T1709.CFE
T.CFE,2017/5/31,94.71,94.67,T1709.CFE
T.CFE,2017/6/1,94.81,94.72,T1709.CFE
T.CFE,2017/6/2,94.78,94.765,T1709.CFE
T.CFE,2017/6/5,95.01,95.085,T1709.CFE
T.CFE,2017/6/6,94.835,94.83,T1709.CFE
T.CFE,2017/6/7,94.94,94.875,T1709.CFE
T.CFE,2017/6/8,94.86,94.825,T1709.CFE
T.CFE,2017/6/9,94.955,94.995,T1709.CFE
T.CFE,2017/6/12,95.34,95.37,T1709.CFE
T.CFE,2017/6/13,95.435,95.395,T1709.CFE
T.CFE,2017/6/14,95.525,95.535,T1709.CFE
T.CFE,2017/6/15,95.43,95.395,T1709.CFE
T.CFE,2017/6/16,95.345,95.365,T1709.CFE
T.CFE,2017/6/19,95.93,95.915,T1709.CFE
T.CFE,2017/6/20,95.835,95.83,T1709.CFE
T.CFE,2017/6/21,95.485,95.53,T1709.CFE
T.CFE,2017/6/22,95.225,95.365,T1709.CFE
T.CFE,2017/6/23,95.42,95.38,T1709.CFE
T.CFE,2017/6/26,95.75,95.725,T1709.CFE
T.CFE,2017/6/27,95.705,95.785,T1709.CFE
T.CFE,2017/6/28,95.585,95.64,T1709.CFE
T.CFE,2017/6/29,95.415,95.48,T1709.CFE
T.CFE,2017/6/30,95.275,95.24,T1709.CFE
T.CFE,2017/7/3,94.9,94.985,T1709.CFE
T.CFE,2017/7/4,94.995,94.98,T1709.CFE
T.CFE,2017/7/5,95.235,95.175,T1709.CFE
T.CFE,2017/7/6,95.35,95.36,T1709.CFE
T.CFE,2017/7/7,95.115,95.215,T1709.CFE
T.CFE,2017/7/10,95.095,95.11,T1709.CFE
T.CFE,2017/7/11,95.19,95.23,T1709.CFE
T.CFE,2017/7/12,95.27,95.29,T1709.CFE
T.CFE,2017/7/13,95.405,95.365,T1709.CFE
T.CFE,2017/7/14,95.395,95.34,T1709.CFE
T.CFE,2017/7/17,95.41,95.395,T1709.CFE
T.CFE,2017/7/18,95.135,95.115,T1709.CFE
T.CFE,2017/7/19,95.1,95.125,T1709.CFE
T.CFE,2017/7/20,95.34,95.315,T1709.CFE
T.CFE,2017/7/21,95.22,95.23,T1709.CFE
T.CFE,2017/7/24,95.335,95.3,T1709.CFE
T.CFE,2017/7/25,95.12,95.12,T1709.CFE
T.CFE,2017/7/26,94.85,94.915,T1709.CFE
T.CFE,2017/7/27,95.05,95,T1709.CFE
T.CFE,2017/7/28,94.96,94.95,T1709.CFE
T.CFE,2017/7/31,94.685,94.71,T1709.CFE
T.CFE,2017/8/1,94.55,94.535,T1709.CFE
T.CFE,2017/8/2,94.645,94.64,T1709.CFE
T.CFE,2017/8/3,94.72,94.725,T1709.CFE
T.CFE,2017/8/4,94.74,94.735,T1709.CFE
T.CFE,2017/8/7,94.385,94.41,T1709.CFE
T.CFE,2017/8/8,94.355,94.365,T1712.CFE
T.CFE,2017/8/9,94.345,94.34,T1712.CFE
T.CFE,2017/8/10,94.49,94.455,T1712.CFE
T.CFE,2017/8/11,94.65,94.67,T1712.CFE
T.CFE,2017/8/14,94.95,94.9,T1712.CFE
T.CFE,2017/8/15,94.975,94.97,T1712.CFE
T.CFE,2017/8/16,94.92,94.92,T1712.CFE
T.CFE,2017/8/17,94.955,94.935,T1712.CFE
T.CFE,2017/8/18,94.92,94.935,T1712.CFE
T.CFE,2017/8/21,94.825,94.795,T1712.CFE
T.CFE,2017/8/22,94.815,94.73,T1712.CFE
T.CFE,2017/8/23,94.74,94.765,T1712.CFE
T.CFE,2017/8/24,94.695,94.665,T1712.CFE
T.CFE,2017/8/25,94.61,94.63,T1712.CFE
T.CFE,2017/8/28,94.505,94.55,T1712.CFE
T.CFE,2017/8/29,94.68,94.65,T1712.CFE
T.CFE,2017/8/30,94.77,94.745,T1712.CFE
T.CFE,2017/8/31,94.85,94.84,T1712.CFE
T.CFE,2017/9/1,94.725,94.75,T1712.CFE
T.CFE,2017/9/4,94.695,94.74,T1712.CFE
T.CFE,2017/9/5,94.495,94.54,T1712.CFE
T.CFE,2017/9/6,94.71,94.71,T1712.CFE
T.CFE,2017/9/7,94.995,94.91,T1712.CFE
T.CFE,2017/9/8,95.155,95.165,T1712.CFE
T.CFE,2017/9/11,95.045,95.075,T1712.CFE
T.CFE,2017/9/12,95.13,95.17,T1712.CFE
T.CFE,2017/9/13,94.995,95.005,T1712.CFE
T.CFE,2017/9/14,95.39,95.34,T1712.CFE
T.CFE,2017/9/15,95.355,95.355,T1712.CFE
T.CFE,2017/9/18,95.08,95.105,T1712.CFE
T.CFE,2017/9/19,95.185,95.18,T1712.CFE
T.CFE,2017/9/20,95.12,95.11,T1712.CFE
T.CFE,2017/9/21,94.97,94.96,T1712.CFE
T.CFE,2017/9/22,95.115,95.11,T1712.CFE
T.CFE,2017/9/25,95.23,95.25,T1712.CFE
T.CFE,2017/9/26,95.225,95.2,T1712.CFE
T.CFE,2017/9/27,95.16,95.135,T1712.CFE
T.CFE,2017/9/28,95.26,95.26,T1712.CFE
T.CFE,2017/9/29,95.19,95.21,T1712.CFE
T.CFE,2017/10/9,94.865,94.905,T1712.CFE
T.CFE,2017/10/10,94.935,94.945,T1712.CFE
T.CFE,2017/10/11,94.885,94.915,T1712.CFE
T.CFE,2017/10/12,94.615,94.645,T1712.CFE
T.CFE,2017/10/13,94.615,94.66,T1712.CFE
T.CFE,2017/10/16,94.315,94.345,T1712.CFE
T.CFE,2017/10/17,93.995,94.01,T1712.CFE
T.CFE,2017/10/18,94.04,93.955,T1712.CFE
T.CFE,2017/10/19,94.175,94.155,T1712.CFE
T.CFE,2017/10/20,94.08,94.15,T1712.CFE
T.CFE,2017/10/23,94.16,94.15,T1712.CFE
T.CFE,2017/10/24,94.145,94.11,T1712.CFE
T.CFE,2017/10/25,93.575,93.645,T1712.CFE
T.CFE,2017/10/26,93.77,93.69,T1712.CFE
T.CFE,2017/10/27,93.275,93.385,T1712.CFE
T.CFE,2017/10/30,92.56,92.395,T1712.CFE
T.CFE,2017/10/31,92.68,92.725,T1712.CFE
T.CFE,2017/11/1,92.935,93.025,T1712.CFE
T.CFE,2017/11/2,92.83,92.85,T1712.CFE
T.CFE,2017/11/3,92.905,92.885,T1712.CFE
T.CFE,2017/11/6,93.065,93.005,T1712.CFE
T.CFE,2017/11/7,92.7,92.69,T1712.CFE
T.CFE,2017/11/8,92.85,92.89,T1712.CFE
T.CFE,2017/11/9,92.805,92.815,T1803.CFE
T.CFE,2017/11/10,92.75,92.75,T1803.CFE
T.CFE,2017/11/13,92.125,92.2,T1803.CFE
T.CFE,2017/11/14,92.445,92.255,T1803.CFE
T.CFE,2017/11/15,92.43,92.475,T1803.CFE
T.CFE,2017/11/16,92.725,92.73,T1803.CFE
T.CFE,2017/11/17,92.695,92.705,T1803.CFE
T.CFE,2017/11/20,92.605,92.555,T1803.CFE
T.CFE,2017/11/21,92.555,92.535,T1803.CFE
T.CFE,2017/11/22,92.05,92.12,T1803.CFE
T.CFE,2017/11/23,92.105,92.125,T1803.CFE
T.CFE,2017/11/24,92.48,92.46,T1803.CFE
T.CFE,2017/11/27,92.42,92.41,T1803.CFE
T.CFE,2017/11/28,92.3,92.31,T1803.CFE
T.CFE,2017/11/29,92.975,92.765,T1803.CFE
T.CFE,2017/11/30,93.04,92.995,T1803.CFE
T.CFE,2017/12/1,92.98,92.995,T1803.CFE
T.CFE,2017/12/4,92.99,93.005,T1803.CFE
T.CFE,2017/12/5,92.95,92.9,T1803.CFE
T.CFE,2017/12/6,92.985,93.04,T1803.CFE
T.CFE,2017/12/7,92.89,92.89,T1803.CFE
T.CFE,2017/12/8,92.675,92.715,T1803.CFE
T.CFE,2017/12/11,92.48,92.55,T1803.CFE
T.CFE,2017/12/12,92.395,92.45,T1803.CFE
T.CFE,2017/12/13,92.445,92.41,T1803.CFE
T.CFE,2017/12/14,92.63,92.62,T1803.CFE
T.CFE,2017/12/15,92.905,92.885,T1803.CFE
T.CFE,2017/12/18,92.86,92.835,T1803.CFE
T.CFE,2017/12/19,92.82,92.85,T1803.CFE
T.CFE,2017/12/20,92.875,92.86,T1803.CFE
T.CFE,2017/12/21,92.895,92.845,T1803.CFE
T.CFE,2017/12/22,93.22,93.17,T1803.CFE
T.CFE,2017/12/25,93.08,93.09,T1803.CFE
T.CFE,2017/12/26,92.94,92.99,T1803.CFE
T.CFE,2017/12/27,92.99,92.985,T1803.CFE
T.CFE,2017/12/28,93.09,93.13,T1803.CFE
T.CFE,2017/12/29,93.165,93.175,T1803.CFE
T.CFE,2018/1/2,92.64,92.8,T1803.CFE
T.CFE,2018/1/3,92.635,92.605,T1803.CFE
T.CFE,2018/1/4,92.465,92.47,T1803.CFE
T.CFE,2018/1/5,92.45,92.48,T1803.CFE
T.CFE,2018/1/8,92.655,92.655,T1803.CFE
T.CFE,2018/1/9,92.645,92.665,T1803.CFE
T.CFE,2018/1/10,92.34,92.395,T1803.CFE
T.CFE,2018/1/11,92.13,92.115,T1803.CFE
T.CFE,2018/1/12,92.275,92.28,T1803.CFE
T.CFE,2018/1/15,92.04,92.03,T1803.CFE
T.CFE,2018/1/16,91.97,91.965,T1803.CFE
T.CFE,2018/1/17,91.75,91.78,T1803.CFE
T.CFE,2018/1/18,91.495,91.535,T1803.CFE
T.CFE,2018/1/19,91.505,91.495,T1803.CFE
T.CFE,2018/1/22,91.79,91.765,T1803.CFE
T.CFE,2018/1/23,91.755,91.745,T1803.CFE
T.CFE,2018/1/24,91.77,91.75,T1803.CFE
T.CFE,2018/1/25,91.885,91.815,T1803.CFE
T.CFE,2018/1/26,91.905,91.9,T1803.CFE
T.CFE,2018/1/29,91.865,91.92,T1803.CFE
T.CFE,2018/1/30,91.785,91.82,T1803.CFE
T.CFE,2018/1/31,91.94,91.915,T1803.CFE
T.CFE,2018/2/1,92.13,92.14,T1803.CFE
T.CFE,2018/2/2,91.97,92.005,T1803.CFE
T.CFE,2018/2/5,91.755,91.73,T1803.CFE
T.CFE,2018/2/6,92.095,92.13,T1803.CFE
T.CFE,2018/2/7,92.145,92.11,T1806.CFE
T.CFE,2018/2/8,91.825,91.94,T1806.CFE
T.CFE,2018/2/9,92.07,91.965,T1806.CFE
T.CFE,2018/2/12,92.13,92.05,T1806.CFE
T.CFE,2018/2/13,92.02,92.045,T1806.CFE
T.CFE,2018/2/14,91.94,91.95,T1806.CFE
T.CFE,2018/2/22,91.7,91.695,T1806.CFE
T.CFE,2018/2/23,91.795,91.775,T1806.CFE
T.CFE,2018/2/26,92.305,92.28,T1806.CFE
T.CFE,2018/2/27,92.66,92.67,T1806.CFE
T.CFE,2018/2/28,92.645,92.69,T1806.CFE
T.CFE,2018/3/1,92.655,92.675,T1806.CFE
T.CFE,2018/3/2,92.635,92.64,T1806.CFE
T.CFE,2018/3/5,92.63,92.6,T1806.CFE
T.CFE,2018/3/6,92.99,92.935,T1806.CFE
T.CFE,2018/3/7,92.965,92.955,T1806.CFE
T.CFE,2018/3/8,92.94,92.91,T1806.CFE
T.CFE,2018/3/9,92.93,92.94,T1806.CFE
T.CFE,2018/3/12,93.01,92.985,T1806.CFE
T.CFE,2018/3/13,92.695,92.7,T1806.CFE
T.CFE,2018/3/14,92.67,92.695,T1806.CFE
T.CFE,2018/3/15,92.81,92.825,T1806.CFE
T.CFE,2018/3/16,92.83,92.82,T1806.CFE
T.CFE,2018/3/19,92.92,92.87,T1806.CFE
T.CFE,2018/3/20,93.225,93.15,T1806.CFE
T.CFE,2018/3/21,93.175,93.2,T1806.CFE
T.CFE,2018/3/22,93.395,93.375,T1806.CFE
T.CFE,2018/3/23,93.97,93.95,T1806.CFE
T.CFE,2018/3/26,93.8,93.825,T1806.CFE
T.CFE,2018/3/27,93.78,93.755,T1806.CFE
T.CFE,2018/3/28,93.75,93.78,T1806.CFE
T.CFE,2018/3/29,93.68,93.6,T1806.CFE
T.CFE,2018/3/30,93.635,93.73,T1806.CFE
T.CFE,2018/4/2,93.65,93.665,T1806.CFE
T.CFE,2018/4/3,93.47,93.475,T1806.CFE
T.CFE,2018/4/4,93.55,93.58,T1806.CFE
T.CFE,2018/4/9,93.81,93.83,T1806.CFE
T.CFE,2018/4/10,93.52,93.495,T1806.CFE
T.CFE,2018/4/11,93.74,93.675,T1806.CFE
T.CFE,2018/4/12,93.9,93.77,T1806.CFE
T.CFE,2018/4/13,93.88,93.8,T1806.CFE
T.CFE,2018/4/16,94.355,94.3,T1806.CFE
T.CFE,2018/4/17,94.34,94.35,T1806.CFE
T.CFE,2018/4/18,95.345,95.475,T1806.CFE
T.CFE,2018/4/19,95.12,95.105,T1806.CFE
T.CFE,2018/4/20,95.075,95.13,T1806.CFE
T.CFE,2018/4/23,94.805,94.825,T1806.CFE
T.CFE,2018/4/24,94.93,94.97,T1806.CFE
T.CFE,2018/4/25,94.575,94.66,T1806.CFE
T.CFE,2018/4/26,94.685,94.605,T1806.CFE
T.CFE,2018/4/27,94.5,94.56,T1806.CFE
T.CFE,2018/5/2,94.39,94.41,T1806.CFE
T.CFE,2018/5/3,94.59,94.62,T1806.CFE
T.CFE,2018/5/4,94.77,94.695,T1806.CFE
T.CFE,2018/5/7,94.405,94.44,T1806.CFE
T.CFE,2018/5/8,94.035,94.075,T1806.CFE
T.CFE,2018/5/9,93.885,93.945,T1806.CFE
T.CFE,2018/5/10,94.125,94.08,T1806.CFE
T.CFE,2018/5/11,94.1,94.115,T1806.CFE
T.CFE,2018/5/14,94.105,94.125,T1806.CFE
T.CFE,2018/5/15,94.04,94.025,T1806.CFE
T.CFE,2018/5/16,94.12,94.095,T1806.CFE
T.CFE,2018/5/17,93.895,93.965,T1809.CFE
T.CFE,2018/5/18,94.07,94.04,T1809.CFE
T.CFE,2018/5/21,94.3,94.285,T1809.CFE
T.CFE,2018/5/22,94.66,94.56,T1809.CFE
T.CFE,2018/5/23,94.67,94.65,T1809.CFE
T.CFE,2018/5/24,94.575,94.655,T1809.CFE
T.CFE,2018/5/25,95.085,95,T1809.CFE
T.CFE,2018/5/28,94.89,94.935,T1809.CFE
T.CFE,2018/5/29,95.06,95.035,T1809.CFE
T.CFE,2018/5/30,95.15,95.185,T1809.CFE
T.CFE,2018/5/31,94.78,94.86,T1809.CFE
T.CFE,2018/6/1,94.865,94.85,T1809.CFE
T.CFE,2018/6/4,94.64,94.61,T1809.CFE
T.CFE,2018/6/5,94.53,94.52,T1809.CFE
T.CFE,2018/6/6,94.52,94.51,T1809.CFE
T.CFE,2018/6/7,94.46,94.45,T1809.CFE
T.CFE,2018/6/8,94.705,94.675,T1809.CFE
T.CFE,2018/6/11,94.705,94.7,T1809.CFE
T.CFE,2018/6/12,94.35,94.4,T1809.CFE
T.CFE,2018/6/13,94.63,94.595,T1809.CFE
T.CFE,2018/6/14,94.93,94.945,T1809.CFE
T.CFE,2018/6/15,95.105,95.08,T1809.CFE
T.CFE,2018/6/19,95.47,95.495,T1809.CFE
T.CFE,2018/6/20,95.045,95.115,T1809.CFE
T.CFE,2018/6/21,95.395,95.405,T1809.CFE
T.CFE,2018/6/22,95.56,95.575,T1809.CFE
T.CFE,2018/6/25,95.3,95.35,T1809.CFE
T.CFE,2018/6/26,95.36,95.335,T1809.CFE
T.CFE,2018/6/27,95.56,95.59,T1809.CFE
T.CFE,2018/6/28,95.715,95.725,T1809.CFE
T.CFE,2018/6/29,95.875,95.965,T1809.CFE
T.CFE,2018/7/2,96.09,96.055,T1809.CFE
T.CFE,2018/7/3,95.835,95.9,T1809.CFE
T.CFE,2018/7/4,95.77,95.775,T1809.CFE
T.CFE,2018/7/5,95.83,95.84,T1809.CFE
T.CFE,2018/7/6,95.605,95.615,T1809.CFE
T.CFE,2018/7/9,95.48,95.545,T1809.CFE
T.CFE,2018/7/10,95.54,95.505,T1809.CFE
T.CFE,2018/7/11,95.83,95.735,T1809.CFE
T.CFE,2018/7/12,95.75,95.695,T1809.CFE
T.CFE,2018/7/13,95.955,95.98,T1809.CFE
T.CFE,2018/7/16,96.1,96.06,T1809.CFE
T.CFE,2018/7/17,96.075,96.07,T1809.CFE
T.CFE,2018/7/18,96.085,96.06,T1809.CFE
T.CFE,2018/7/19,96.39,96.33,T1809.CFE
T.CFE,2018/7/20,95.605,95.725,T1809.CFE
T.CFE,2018/7/23,95.65,95.64,T1809.CFE
T.CFE,2018/7/24,95.29,95.325,T1809.CFE
T.CFE,2018/7/25,95.415,95.425,T1809.CFE
T.CFE,2018/7/26,95.495,95.54,T1809.CFE
T.CFE,2018/7/27,95.55,95.51,T1809.CFE
T.CFE,2018/7/30,95.52,95.565,T1809.CFE
T.CFE,2018/7/31,95.9,95.83,T1809.CFE
T.CFE,2018/8/1,96.1,96.04,T1809.CFE
T.CFE,2018/8/2,95.98,95.925,T1809.CFE
T.CFE,2018/8/3,96.17,96.19,T1809.CFE
T.CFE,2018/8/6,96.08,96.08,T1809.CFE
T.CFE,2018/8/7,95.895,95.98,T1809.CFE
T.CFE,2018/8/8,95.62,95.62,T1809.CFE
T.CFE,2018/8/9,95.36,95.335,T1809.CFE
T.CFE,2018/8/10,95.385,95.33,T1809.CFE
T.CFE,2018/8/13,95.13,95.06,T1809.CFE
T.CFE,2018/8/14,95.305,95.28,T1812.CFE
T.CFE,2018/8/15,95.05,95.05,T1812.CFE
T.CFE,2018/8/16,94.675,94.705,T1812.CFE
T.CFE,2018/8/17,94.485,94.415,T1812.CFE
T.CFE,2018/8/20,94.59,94.55,T1812.CFE
T.CFE,2018/8/21,94.595,94.635,T1812.CFE
T.CFE,2018/8/22,94.75,94.71,T1812.CFE
T.CFE,2018/8/23,94.755,94.7,T1812.CFE
T.CFE,2018/8/24,94.645,94.625,T1812.CFE
T.CFE,2018/8/27,94.62,94.62,T1812.CFE
T.CFE,2018/8/28,94.815,94.785,T1812.CFE
T.CFE,2018/8/29,94.84,94.8,T1812.CFE
T.CFE,2018/8/30,95.045,95.025,T1812.CFE
T.CFE,2018/8/31,95.12,95.105,T1812.CFE
T.CFE,2018/9/3,94.925,94.905,T1812.CFE
T.CFE,2018/9/4,94.795,94.78,T1812.CFE
T.CFE,2018/9/5,94.69,94.725,T1812.CFE
T.CFE,2018/9/6,94.745,94.775,T1812.CFE
T.CFE,2018/9/7,94.685,94.63,T1812.CFE
T.CFE,2018/9/10,94.42,94.44,T1812.CFE
T.CFE,2018/9/11,94.145,94.14,T1812.CFE
T.CFE,2018/9/12,94.335,94.325,T1812.CFE
T.CFE,2018/9/13,94.37,94.395,T1812.CFE
T.CFE,2018/9/14,94.485,94.46,T1812.CFE
T.CFE,2018/9/17,94.55,94.545,T1812.CFE
T.CFE,2018/9/18,94.39,94.38,T1812.CFE
T.CFE,2018/9/19,94.225,94.25,T1812.CFE
T.CFE,2018/9/20,93.94,93.995,T1812.CFE
T.CFE,2018/9/21,94.185,94.145,T1812.CFE
T.CFE,2018/9/25,94.21,94.215,T1812.CFE
T.CFE,2018/9/26,94.46,94.435,T1812.CFE
T.CFE,2018/9/27,94.725,94.665,T1812.CFE
T.CFE,2018/9/28,94.785,94.81,T1812.CFE
T.CFE,2018/10/8,94.675,94.685,T1812.CFE
T.CFE,2018/10/9,94.77,94.745,T1812.CFE
T.CFE,2018/10/10,94.805,94.775,T1812.CFE
T.CFE,2018/10/11,95.165,95.155,T1812.CFE
T.CFE,2018/10/12,95.12,95.105,T1812.CFE
T.CFE,2018/10/15,94.995,95.035,T1812.CFE
T.CFE,2018/10/16,95.235,95.175,T1812.CFE
T.CFE,2018/10/17,95.165,95.145,T1812.CFE
T.CFE,2018/10/18,95.49,95.465,T1812.CFE
T.CFE,2018/10/19,95.32,95.25,T1812.CFE
T.CFE,2018/10/22,95.15,95.12,T1812.CFE
T.CFE,2018/10/23,95.33,95.315,T1812.CFE
T.CFE,2018/10/24,95.47,95.45,T1812.CFE
T.CFE,2018/10/25,95.535,95.51,T1812.CFE
T.CFE,2018/10/26,95.56,95.565,T1812.CFE
T.CFE,2018/10/29,95.78,95.8,T1812.CFE
T.CFE,2018/10/30,95.75,95.725,T1812.CFE
T.CFE,2018/10/31,95.81,95.805,T1812.CFE
T.CFE,2018/11/1,95.95,95.95,T1812.CFE
T.CFE,2018/11/2,95.5,95.495,T1812.CFE
T.CFE,2018/11/5,95.575,95.595,T1812.CFE
T.CFE,2018/11/6,95.81,95.8,T1812.CFE
T.CFE,2018/11/7,95.985,95.955,T1812.CFE
T.CFE,2018/11/8,96.095,96.095,T1812.CFE
T.CFE,2018/11/9,96.005,96.08,T1812.CFE
T.CFE,2018/11/12,95.965,95.94,T1812.CFE
T.CFE,2018/11/13,96.06,96.02,T1812.CFE
T.CFE,2018/11/14,96.44,96.45,T1903.CFE
T.CFE,2018/11/15,96.55,96.53,T1903.CFE
T.CFE,2018/11/16,96.915,96.885,T1903.CFE
T.CFE,2018/11/19,96.785,96.825,T1903.CFE
T.CFE,2018/11/20,96.705,96.72,T1903.CFE
T.CFE,2018/11/21,96.83,96.765,T1903.CFE
T.CFE,2018/11/22,96.595,96.65,T1903.CFE
T.CFE,2018/11/23,96.67,96.635,T1903.CFE
T.CFE,2018/11/26,96.465,96.42,T1903.CFE
T.CFE,2018/11/27,96.63,96.6,T1903.CFE
T.CFE,2018/11/28,96.645,96.665,T1903.CFE
T.CFE,2018/11/29,96.84,96.845,T1903.CFE
T.CFE,2018/11/30,96.68,96.7,T1903.CFE
T.CFE,2018/12/3,96.83,96.765,T1903.CFE
T.CFE,2018/12/4,97.06,97.07,T1903.CFE
T.CFE,2018/12/5,97.025,97.06,T1903.CFE
T.CFE,2018/12/6,97.18,97.145,T1903.CFE
T.CFE,2018/12/7,97.17,97.115,T1903.CFE
T.CFE,2018/12/10,97.285,97.29,T1903.CFE
T.CFE,2018/12/11,97.245,97.29,T1903.CFE
T.CFE,2018/12/12,97.3,97.335,T1903.CFE
T.CFE,2018/12/13,96.69,96.785,T1903.CFE
T.CFE,2018/12/14,96.56,96.6,T1903.CFE
T.CFE,2018/12/17,96.26,96.42,T1903.CFE
T.CFE,2018/12/18,96.47,96.43,T1903.CFE
T.CFE,2018/12/19,96.685,96.635,T1903.CFE
T.CFE,2018/12/20,97.05,96.965,T1903.CFE
T.CFE,2018/12/21,96.9,96.97,T1903.CFE
T.CFE,2018/12/24,96.8,96.83,T1903.CFE
T.CFE,2018/12/25,97.045,97.03,T1903.CFE
T.CFE,2018/12/26,97.295,97.2,T1903.CFE
T.CFE,2018/12/27,97.31,97.3,T1903.CFE
T.CFE,2018/12/28,97.735,97.71,T1903.CFE
T.CFE,2019/1/2,98.105,98.07,T1903.CFE
T.CFE,2019/1/3,98.16,98.11,T1903.CFE
T.CFE,2019/1/4,97.945,97.9,T1903.CFE
T.CFE,2019/1/7,97.935,97.915,T1903.CFE
T.CFE,2019/1/8,98.455,98.41,T1903.CFE
T.CFE,2019/1/9,98.29,98.27,T1903.CFE
T.CFE,2019/1/10,98.015,98.02,T1903.CFE
T.CFE,2019/1/11,98.045,98,T1903.CFE
T.CFE,2019/1/14,97.845,97.825,T1903.CFE
T.CFE,2019/1/15,97.8,97.74,T1903.CFE
T.CFE,2019/1/16,98.295,98.25,T1903.CFE
T.CFE,2019/1/17,98.33,98.355,T1903.CFE
T.CFE,2019/1/18,98.08,98.135,T1903.CFE
T.CFE,2019/1/21,97.96,97.92,T1903.CFE
T.CFE,2019/1/22,98.03,98.04,T1903.CFE
T.CFE,2019/1/23,97.77,97.85,T1903.CFE
T.CFE,2019/1/24,97.8,97.815,T1903.CFE
T.CFE,2019/1/25,97.635,97.68,T1903.CFE
T.CFE,2019/1/28,97.68,97.725,T1903.CFE
T.CFE,2019/1/29,97.905,97.895,T1903.CFE
T.CFE,2019/1/30,98.04,97.955,T1903.CFE
T.CFE,2019/1/31,98.03,98.055,T1903.CFE
T.CFE,2019/2/1,97.91,97.98,T1903.CFE
T.CFE,2019/2/11,98.285,98.345,T1903.CFE
T.CFE,2019/2/12,98.235,98.265,T1903.CFE
T.CFE,2019/2/13,98.15,98.15,T1903.CFE
T.CFE,2019/2/14,97.92,97.91,T1903.CFE
T.CFE,2019/2/15,97.96,98.03,T1903.CFE
T.CFE,2019/2/18,97.785,97.82,T1903.CFE
T.CFE,2019/2/19,98.005,98.035,T1903.CFE
T.CFE,2019/2/20,97.65,97.635,T1906.CFE
T.CFE,2019/2/21,97.73,97.62,T1906.CFE
T.CFE,2019/2/22,97.55,97.535,T1906.CFE
T.CFE,2019/2/25,97.2,97.225,T1906.CFE
T.CFE,2019/2/26,96.92,96.865,T1906.CFE
T.CFE,2019/2/27,97.105,97.15,T1906.CFE
T.CFE,2019/2/28,96.945,96.97,T1906.CFE
T.CFE,2019/3/1,96.755,96.82,T1906.CFE
T.CFE,2019/3/4,97.045,97.055,T1906.CFE
T.CFE,2019/3/5,97.12,97.115,T1906.CFE
T.CFE,2019/3/6,97.235,97.2,T1906.CFE
T.CFE,2019/3/7,97.73,97.635,T1906.CFE
T.CFE,2019/3/8,97.755,97.82,T1906.CFE
T.CFE,2019/3/11,97.67,97.715,T1906.CFE
T.CFE,2019/3/12,97.725,97.775,T1906.CFE
T.CFE,2019/3/13,97.805,97.79,T1906.CFE
T.CFE,2019/3/14,97.55,97.64,T1906.CFE
T.CFE,2019/3/15,97.66,97.695,T1906.CFE
T.CFE,2019/3/18,97.505,97.54,T1906.CFE
T.CFE,2019/3/19,97.385,97.465,T1906.CFE
T.CFE,2019/3/20,97.43,97.41,T1906.CFE
T.CFE,2019/3/21,97.635,97.65,T1906.CFE
T.CFE,2019/3/22,97.79,97.77,T1906.CFE
T.CFE,2019/3/25,98.095,98.09,T1906.CFE
T.CFE,2019/3/26,98.095,98.125,T1906.CFE
T.CFE,2019/3/27,97.945,97.97,T1906.CFE
T.CFE,2019/3/28,98.055,98.03,T1906.CFE
T.CFE,2019/3/29,97.915,97.895,T1906.CFE
T.CFE,2019/4/1,97.45,97.47,T1906.CFE
T.CFE,2019/4/2,97.255,97.285,T1906.CFE
T.CFE,2019/4/3,96.75,96.725,T1906.CFE
T.CFE,2019/4/4,96.46,96.555,T1906.CFE
T.CFE,2019/4/8,96.68,96.69,T1906.CFE
T.CFE,2019/4/9,96.5,96.535,T1906.CFE
T.CFE,2019/4/10,96.705,96.625,T1906.CFE
T.CFE,2019/4/11,96.85,96.85,T1906.CFE
T.CFE,2019/4/12,96.645,96.725,T1906.CFE
T.CFE,2019/4/15,96.37,96.345,T1906.CFE
T.CFE,2019/4/16,96.165,96.12,T1906.CFE
T.CFE,2019/4/17,96.42,96.37,T1906.CFE
T.CFE,2019/4/18,96.48,96.475,T1906.CFE
T.CFE,2019/4/19,96.39,96.43,T1906.CFE
T.CFE,2019/4/22,96.22,96.275,T1906.CFE
T.CFE,2019/4/23,96.32,96.33,T1906.CFE
T.CFE,2019/4/24,95.91,95.98,T1906.CFE
T.CFE,2019/4/25,96.09,96.175,T1906.CFE
T.CFE,2019/4/26,96.37,96.38,T1906.CFE
T.CFE,2019/4/29,96.2,96.23,T1906.CFE
T.CFE,2019/4/30,96.675,96.595,T1906.CFE
T.CFE,2019/5/6,96.84,96.84,T1906.CFE
T.CFE,2019/5/7,96.765,96.79,T1906.CFE
T.CFE,2019/5/8,96.905,96.885,T1906.CFE
T.CFE,2019/5/9,97.08,96.995,T1906.CFE
T.CFE,2019/5/10,97.14,97.075,T1906.CFE
T.CFE,2019/5/13,97.41,97.38,T1906.CFE
T.CFE,2019/5/14,97.29,97.255,T1906.CFE
T.CFE,2019/5/15,97.315,97.305,T1906.CFE
T.CFE,2019/5/16,97.38,97.315,T1906.CFE
T.CFE,2019/5/17,97.44,97.42,T1906.CFE
T.CFE,2019/5/20,96.88,96.91,T1909.CFE
T.CFE,2019/5/21,96.64,96.63,T1909.CFE
T.CFE,2019/5/22,96.57,96.575,T1909.CFE
T.CFE,2019/5/23,96.79,96.79,T1909.CFE
T.CFE,2019/5/24,96.77,96.805,T1909.CFE
T.CFE,2019/5/27,96.3,96.26,T1909.CFE
T.CFE,2019/5/28,96.54,96.55,T1909.CFE
T.CFE,2019/5/29,96.87,96.875,T1909.CFE
T.CFE,2019/5/30,96.885,96.88,T1909.CFE
T.CFE,2019/5/31,96.93,96.885,T1909.CFE
T.CFE,2019/6/3,97.2,97.215,T1909.CFE
T.CFE,2019/6/4,97.355,97.345,T1909.CFE
T.CFE,2019/6/5,97.505,97.455,T1909.CFE
T.CFE,2019/6/6,97.47,97.5,T1909.CFE
T.CFE,2019/6/10,97.41,97.425,T1909.CFE
T.CFE,2019/6/11,97.095,97.115,T1909.CFE
T.CFE,2019/6/12,97.13,97.16,T1909.CFE
T.CFE,2019/6/13,97.34,97.365,T1909.CFE
T.CFE,2019/6/14,97.575,97.565,T1909.CFE
T.CFE,2019/6/17,97.665,97.66,T1909.CFE
T.CFE,2019/6/18,97.49,97.445,T1909.CFE
T.CFE,2019/6/19,97.36,97.38,T1909.CFE
T.CFE,2019/6/20,97.37,97.435,T1909.CFE
T.CFE,2019/6/21,97.475,97.5,T1909.CFE
T.CFE,2019/6/24,97.31,97.31,T1909.CFE
T.CFE,2019/6/25,97.395,97.405,T1909.CFE
T.CFE,2019/6/26,97.265,97.27,T1909.CFE
T.CFE,2019/6/27,97.21,97.235,T1909.CFE
T.CFE,2019/6/28,97.54,97.495,T1909.CFE
T.CFE,2019/7/1,97.605,97.595,T1909.CFE
T.CFE,2019/7/2,98.06,98.015,T1909.CFE
T.CFE,2019/7/3,98.23,98.255,T1909.CFE
T.CFE,2019/7/4,98.215,98.205,T1909.CFE
T.CFE,2019/7/5,98.04,98.075,T1909.CFE
T.CFE,2019/7/8,97.97,97.95,T1909.CFE
T.CFE,2019/7/9,98.16,98.14,T1909.CFE
T.CFE,2019/7/10,98.11,98.11,T1909.CFE
T.CFE,2019/7/11,98.115,98.15,T1909.CFE
T.CFE,2019/7/12,98.29,98.195,T1909.CFE
T.CFE,2019/7/15,97.99,98.02,T1909.CFE
T.CFE,2019/7/16,98.035,98.025,T1909.CFE
T.CFE,2019/7/17,98.085,98.075,T1909.CFE
T.CFE,2019/7/18,98.27,98.255,T1909.CFE
T.CFE,2019/7/19,98.25,98.23,T1909.CFE
T.CFE,2019/7/22,98.375,98.36,T1909.CFE
T.CFE,2019/7/23,98.38,98.34,T1909.CFE
T.CFE,2019/7/24,98.145,98.165,T1909.CFE
T.CFE,2019/7/25,98.2,98.195,T1909.CFE
T.CFE,2019/7/26,98.24,98.23,T1909.CFE
T.CFE,2019/7/29,98.055,98.065,T1909.CFE
T.CFE,2019/7/30,98.15,98.12,T1909.CFE
T.CFE,2019/7/31,98.39,98.365,T1909.CFE
T.CFE,2019/8/1,98.445,98.425,T1909.CFE
T.CFE,2019/8/2,98.72,98.72,T1909.CFE
T.CFE,2019/8/5,99.065,99.02,T1909.CFE
T.CFE,2019/8/6,99.065,99.07,T1909.CFE
T.CFE,2019/8/7,99.135,99.105,T1909.CFE
T.CFE,2019/8/8,99.125,99.12,T1909.CFE
T.CFE,2019/8/9,99.27,99.29,T1909.CFE
T.CFE,2019/8/12,99.215,99.195,T1909.CFE
T.CFE,2019/8/13,99.345,99.335,T1909.CFE
T.CFE,2019/8/14,99.02,99.025,T1912.CFE
T.CFE,2019/8/15,98.925,98.985,T1912.CFE
T.CFE,2019/8/16,98.85,98.835,T1912.CFE
T.CFE,2019/8/19,98.955,98.915,T1912.CFE
T.CFE,2019/8/20,98.86,98.895,T1912.CFE
T.CFE,2019/8/21,98.65,98.675,T1912.CFE
T.CFE,2019/8/22,98.735,98.725,T1912.CFE
T.CFE,2019/8/23,98.775,98.79,T1912.CFE
T.CFE,2019/8/26,98.835,98.935,T1912.CFE
T.CFE,2019/8/27,98.915,98.885,T1912.CFE
T.CFE,2019/8/28,98.87,98.92,T1912.CFE
T.CFE,2019/8/29,99.235,99.28,T1912.CFE
T.CFE,2019/8/30,98.935,98.965,T1912.CFE
T.CFE,2019/9/2,98.775,98.795,T1912.CFE
T.CFE,2019/9/3,98.745,98.75,T1912.CFE
T.CFE,2019/9/4,98.885,98.9,T1912.CFE
T.CFE,2019/9/5,99.14,99.145,T1912.CFE
T.CFE,2019/9/6,99.17,99.195,T1912.CFE
T.CFE,2019/9/9,99.08,99.055,T1912.CFE
T.CFE,2019/9/10,98.9,98.93,T1912.CFE
T.CFE,2019/9/11,98.78,98.83,T1912.CFE
T.CFE,2019/9/12,98.49,98.505,T1912.CFE
T.CFE,2019/9/16,98.59,98.57,T1912.CFE
T.CFE,2019/9/17,98.42,98.51,T1912.CFE
T.CFE,2019/9/18,98.23,98.305,T1912.CFE
T.CFE,2019/9/19,98.425,98.405,T1912.CFE
T.CFE,2019/9/20,98.535,98.505,T1912.CFE
T.CFE,2019/9/23,98.475,98.485,T1912.CFE
T.CFE,2019/9/24,98.385,98.4,T1912.CFE
T.CFE,2019/9/25,98.505,98.47,T1912.CFE
T.CFE,2019/9/26,98.215,98.25,T1912.CFE
T.CFE,2019/9/27,98.045,98.075,T1912.CFE
T.CFE,2019/9/30,98.235,98.2,T1912.CFE
T.CFE,2019/10/8,98.495,98.44,T1912.CFE
T.CFE,2019/10/9,98.455,98.435,T1912.CFE
T.CFE,2019/10/10,98.32,98.3,T1912.CFE
T.CFE,2019/10/11,98.08,98.065,T1912.CFE
T.CFE,2019/10/14,98.15,98.15,T1912.CFE
T.CFE,2019/10/15,98.135,98.15,T1912.CFE
T.CFE,2019/10/16,98.095,98.115,T1912.CFE
T.CFE,2019/10/17,98.31,98.285,T1912.CFE
T.CFE,2019/10/18,98.04,98.065,T1912.CFE
T.CFE,2019/10/21,97.785,97.73,T1912.CFE
T.CFE,2019/10/22,97.76,97.725,T1912.CFE
T.CFE,2019/10/23,97.875,97.84,T1912.CFE
T.CFE,2019/10/24,97.835,97.835,T1912.CFE
T.CFE,2019/10/25,97.685,97.73,T1912.CFE
T.CFE,2019/10/28,97.42,97.46,T1912.CFE
T.CFE,2019/10/29,97.42,97.42,T1912.CFE
T.CFE,2019/10/30,97.11,97.055,T1912.CFE
T.CFE,2019/10/31,97.485,97.405,T1912.CFE
T.CFE,2019/11/1,97.5,97.54,T1912.CFE
T.CFE,2019/11/4,97.415,97.425,T1912.CFE
T.CFE,2019/11/5,97.795,97.77,T1912.CFE
T.CFE,2019/11/6,97.855,97.865,T1912.CFE
T.CFE,2019/11/7,97.81,97.79,T1912.CFE
T.CFE,2019/11/8,97.655,97.66,T1912.CFE
T.CFE,2019/11/11,97.97,97.92,T1912.CFE
T.CFE,2019/11/12,97.85,97.85,T1912.CFE
T.CFE,2019/11/13,97.98,97.95,T1912.CFE
T.CFE,2019/11/14,97.895,97.875,T1912.CFE
T.CFE,2019/11/15,98.01,97.99,T1912.CFE
T.CFE,2019/11/18,98.06,98.035,T2003.CFE
T.CFE,2019/11/19,98.165,98.155,T2003.CFE
T.CFE,2019/11/20,98.125,98.145,T2003.CFE
T.CFE,2019/11/21,98.175,98.15,T2003.CFE
T.CFE,2019/11/22,98.145,98.15,T2003.CFE
T.CFE,2019/11/25,97.915,97.91,T2003.CFE
T.CFE,2019/11/26,98.065,98.015,T2003.CFE
T.CFE,2019/11/27,98.01,98.04,T2003.CFE
T.CFE,2019/11/28,98.015,98.03,T2003.CFE
T.CFE,2019/11/29,98.015,98.055,T2003.CFE
T.CFE,2019/12/2,97.685,97.715,T2003.CFE
T.CFE,2019/12/3,97.79,97.76,T2003.CFE
T.CFE,2019/12/4,97.875,97.85,T2003.CFE
T.CFE,2019/12/5,97.885,97.905,T2003.CFE
T.CFE,2019/12/6,97.715,97.705,T2003.CFE
T.CFE,2019/12/9,97.655,97.665,T2003.CFE
T.CFE,2019/12/10,97.825,97.78,T2003.CFE
T.CFE,2019/12/11,97.925,97.91,T2003.CFE
T.CFE,2019/12/12,97.955,97.97,T2003.CFE
T.CFE,2019/12/13,97.76,97.795,T2003.CFE
T.CFE,2019/12/16,97.765,97.75,T2003.CFE
T.CFE,2019/12/17,97.53,97.51,T2003.CFE
T.CFE,2019/12/18,97.455,97.475,T2003.CFE
T.CFE,2019/12/19,97.56,97.53,T2003.CFE
T.CFE,2019/12/20,97.9,97.84,T2003.CFE
T.CFE,2019/12/23,97.985,97.97,T2003.CFE
T.CFE,2019/12/24,98.045,98.03,T2003.CFE
T.CFE,2019/12/25,98.13,98.085,T2003.CFE
T.CFE,2019/12/26,98.245,98.285,T2003.CFE
T.CFE,2019/12/27,98.195,98.2,T2003.CFE
T.CFE,2019/12/30,98.2,98.185,T2003.CFE
T.CFE,2019/12/31,98.135,98.155,T2003.CFE
T.CFE,2020/1/2,98.015,97.99,T2003.CFE
T.CFE,2020/1/3,97.975,98.005,T2003.CFE
T.CFE,2020/1/6,98.18,98.22,T2003.CFE
T.CFE,2020/1/7,98.005,98.025,T2003.CFE
T.CFE,2020/1/8,98.11,98.095,T2003.CFE
T.CFE,2020/1/9,98.23,98.28,T2003.CFE
T.CFE,2020/1/10,98.56,98.51,T2003.CFE
T.CFE,2020/1/13,98.5,98.485,T2003.CFE
T.CFE,2020/1/14,98.44,98.455,T2003.CFE
T.CFE,2020/1/15,98.525,98.54,T2003.CFE
T.CFE,2020/1/16,98.45,98.465,T2003.CFE
T.CFE,2020/1/17,98.62,98.61,T2003.CFE
T.CFE,2020/1/20,98.915,98.885,T2003.CFE
T.CFE,2020/1/21,99.165,99.145,T2003.CFE
T.CFE,2020/1/22,99.13,99.155,T2003.CFE
T.CFE,2020/1/23,99.69,99.61,T2003.CFE
T.CFE,2020/2/3,100.97,101.03,T2003.CFE
T.CFE,2020/2/4,100.785,100.84,T2003.CFE
T.CFE,2020/2/5,100.865,100.86,T2003.CFE
T.CFE,2020/2/6,100.91,100.88,T2003.CFE
T.CFE,2020/2/7,101.18,101.14,T2003.CFE
T.CFE,2020/2/10,101.08,101.09,T2003.CFE
T.CFE,2020/2/11,100.73,100.79,T2003.CFE
T.CFE,2020/2/12,100.715,100.785,T2003.CFE
T.CFE,2020/2/13,100.87,100.845,T2003.CFE
T.CFE,2020/2/14,100.39,100.525,T2003.CFE
T.CFE,2020/2/17,99.745,99.78,T2006.CFE
T.CFE,2020/2/18,100.11,100.08,T2006.CFE
T.CFE,2020/2/19,100.1,100.13,T2006.CFE
T.CFE,2020/2/20,99.885,99.83,T2006.CFE
T.CFE,2020/2/21,100.23,100.205,T2006.CFE
T.CFE,2020/2/24,100.47,100.48,T2006.CFE
T.CFE,2020/2/25,100.45,100.42,T2006.CFE
T.CFE,2020/2/26,100.435,100.38,T2006.CFE
T.CFE,2020/2/27,100.625,100.665,T2006.CFE
T.CFE,2020/2/28,101.11,101.01,T2006.CFE
T.CFE,2020/3/2,100.93,100.87,T2006.CFE
T.CFE,2020/3/3,100.795,100.8,T2006.CFE
T.CFE,2020/3/4,101.22,101.18,T2006.CFE
T.CFE,2020/3/5,101.165,101.16,T2006.CFE
T.CFE,2020/3/6,101.48,101.45,T2006.CFE
T.CFE,2020/3/9,101.935,101.98,T2006.CFE
T.CFE,2020/3/10,101.2,101.27,T2006.CFE
T.CFE,2020/3/11,101.53,101.45,T2006.CFE
T.CFE,2020/3/12,101.315,101.48,T2006.CFE
T.CFE,2020/3/13,100.995,101.05,T2006.CFE
T.CFE,2020/3/16,101.065,100.99,T2006.CFE
T.CFE,2020/3/17,100.62,100.725,T2006.CFE
T.CFE,2020/3/18,101.025,101.02,T2006.CFE
T.CFE,2020/3/19,100.65,100.63,T2006.CFE
T.CFE,2020/3/20,100.825,100.81,T2006.CFE
T.CFE,2020/3/23,101.33,101.285,T2006.CFE
T.CFE,2020/3/24,101.375,101.425,T2006.CFE
T.CFE,2020/3/25,101.57,101.545,T2006.CFE
T.CFE,2020/3/26,101.77,101.77,T2006.CFE
T.CFE,2020/3/27,101.55,101.57,T2006.CFE
T.CFE,2020/3/30,101.615,101.605,T2006.CFE
T.CFE,2020/3/31,101.925,101.86,T2006.CFE
T.CFE,2020/4/1,102.13,102.11,T2006.CFE
T.CFE,2020/4/2,101.87,101.855,T2006.CFE
T.CFE,2020/4/3,101.5,101.575,T2006.CFE
T.CFE,2020/4/7,102.305,102.345,T2006.CFE
T.CFE,2020/4/8,102.675,102.505,T2006.CFE
T.CFE,2020/4/9,102.38,102.31,T2006.CFE
T.CFE,2020/4/10,102.195,102.125,T2006.CFE
T.CFE,2020/4/13,102.23,102.245,T2006.CFE
T.CFE,2020/4/14,102.215,102.23,T2006.CFE
T.CFE,2020/4/15,102.43,102.47,T2006.CFE
T.CFE,2020/4/16,102.59,102.585,T2006.CFE
T.CFE,2020/4/17,102.31,102.38,T2006.CFE
T.CFE,2020/4/20,102.125,102.08,T2006.CFE
T.CFE,2020/4/21,102.18,102.16,T2006.CFE
T.CFE,2020/4/22,102.445,102.465,T2006.CFE
T.CFE,2020/4/23,103.085,103.12,T2006.CFE
T.CFE,2020/4/24,103.315,103.21,T2006.CFE
T.CFE,2020/4/27,103.105,103.065,T2006.CFE
T.CFE,2020/4/28,103.26,103.245,T2006.CFE
T.CFE,2020/4/29,103.47,103.39,T2006.CFE
T.CFE,2020/4/30,102.94,102.995,T2006.CFE
T.CFE,2020/5/6,102.635,102.66,T2006.CFE
T.CFE,2020/5/7,102.105,102.2,T2006.CFE
T.CFE,2020/5/8,102.14,102.165,T2006.CFE
T.CFE,2020/5/11,101.635,101.665,T2006.CFE
T.CFE,2020/5/12,101.895,101.915,T2006.CFE
T.CFE,2020/5/13,101.655,101.66,T2006.CFE
T.CFE,2020/5/14,101.695,101.625,T2006.CFE
T.CFE,2020/5/15,101.12,101.135,T2009.CFE
T.CFE,2020/5/18,100.61,100.605,T2009.CFE
T.CFE,2020/5/19,100.7,100.765,T2009.CFE
T.CFE,2020/5/20,100.93,101,T2009.CFE
T.CFE,2020/5/21,101.04,101.085,T2009.CFE
T.CFE,2020/5/22,101.725,101.605,T2009.CFE
T.CFE,2020/5/25,101.215,101.225,T2009.CFE
T.CFE,2020/5/26,100.795,100.83,T2009.CFE
T.CFE,2020/5/27,100.925,100.86,T2009.CFE
T.CFE,2020/5/28,101.18,101.23,T2009.CFE
T.CFE,2020/5/29,100.985,101.05,T2009.CFE
T.CFE,2020/6/1,100.805,100.77,T2009.CFE
T.CFE,2020/6/2,100.3,100.48,T2009.CFE
T.CFE,2020/6/3,100.375,100.305,T2009.CFE
T.CFE,2020/6/4,100.105,100.105,T2009.CFE
T.CFE,2020/6/5,99.845,99.86,T2009.CFE
T.CFE,2020/6/8,100.175,100.175,T2009.CFE
T.CFE,2020/6/9,100.05,100.1,T2009.CFE
T.CFE,2020/6/10,100.125,100.045,T2009.CFE
T.CFE,2020/6/11,100.44,100.445,T2009.CFE
T.CFE,2020/6/12,100.655,100.66,T2009.CFE
T.CFE,2020/6/15,100.785,100.905,T2009.CFE
T.CFE,2020/6/16,100.16,100.19,T2009.CFE
T.CFE,2020/6/17,100.065,100.125,T2009.CFE
T.CFE,2020/6/18,100.195,100.135,T2009.CFE
T.CFE,2020/6/19,100.22,100.095,T2009.CFE
T.CFE,2020/6/22,99.95,100.025,T2009.CFE
T.CFE,2020/6/23,99.91,99.82,T2009.CFE
T.CFE,2020/6/24,100.145,100.16,T2009.CFE
T.CFE,2020/6/29,100.19,100.245,T2009.CFE
T.CFE,2020/6/30,100.315,100.275,T2009.CFE
T.CFE,2020/7/1,100.25,100.235,T2009.CFE
T.CFE,2020/7/2,100.275,100.285,T2009.CFE
T.CFE,2020/7/3,99.965,99.99,T2009.CFE
T.CFE,2020/7/6,98.935,99.07,T2009.CFE
T.CFE,2020/7/7,98.97,98.985,T2009.CFE
T.CFE,2020/7/8,98.535,98.515,T2009.CFE
T.CFE,2020/7/9,98.435,98.47,T2009.CFE
T.CFE,2020/7/10,98.57,98.61,T2009.CFE
T.CFE,2020/7/13,98.38,98.4,T2009.CFE
T.CFE,2020/7/14,98.62,98.61,T2009.CFE
T.CFE,2020/7/15,99.025,98.955,T2009.CFE
T.CFE,2020/7/16,99.27,99.26,T2009.CFE
T.CFE,2020/7/17,99.185,99.125,T2009.CFE
T.CFE,2020/7/20,99.245,99.18,T2009.CFE
T.CFE,2020/7/21,99.385,99.34,T2009.CFE
T.CFE,2020/7/22,99.77,99.675,T2009.CFE
T.CFE,2020/7/23,99.655,99.715,T2009.CFE
T.CFE,2020/7/24,99.985,99.95,T2009.CFE
T.CFE,2020/7/27,99.855,99.83,T2009.CFE
T.CFE,2020/7/28,99.5,99.52,T2009.CFE
T.CFE,2020/7/29,99.235,99.235,T2009.CFE
T.CFE,2020/7/30,99.16,99.185,T2009.CFE
T.CFE,2020/7/31,98.84,98.855,T2009.CFE
T.CFE,2020/8/3,99.07,99.045,T2009.CFE
T.CFE,2020/8/4,99.19,99.13,T2009.CFE
T.CFE,2020/8/5,98.99,99.01,T2009.CFE
T.CFE,2020/8/6,98.89,98.885,T2009.CFE
T.CFE,2020/8/7,98.795,98.81,T2009.CFE
T.CFE,2020/8/10,99.265,99.195,T2009.CFE
T.CFE,2020/8/11,99.195,99.165,T2009.CFE
T.CFE,2020/8/12,99.3,99.14,T2009.CFE
T.CFE,2020/8/13,99.33,99.37,T2009.CFE
T.CFE,2020/8/14,99.5,99.46,T2009.CFE
T.CFE,2020/8/17,99.56,99.51,T2009.CFE
T.CFE,2020/8/18,99.365,99.34,T2009.CFE
T.CFE,2020/8/19,99.055,99.08,T2009.CFE
T.CFE,2020/8/20,98.185,98.205,T2012.CFE
T.CFE,2020/8/21,98.38,98.42,T2012.CFE
T.CFE,2020/8/24,98.285,98.365,T2012.CFE
T.CFE,2020/8/25,97.935,97.915,T2012.CFE
T.CFE,2020/8/26,97.71,97.81,T2012.CFE
T.CFE,2020/8/27,97.825,97.865,T2012.CFE
T.CFE,2020/8/28,97.795,97.695,T2012.CFE
T.CFE,2020/8/31,98.045,98.035,T2012.CFE
T.CFE,2020/9/1,97.97,97.96,T2012.CFE
T.CFE,2020/9/2,97.695,97.7,T2012.CFE
T.CFE,2020/9/3,97.845,97.81,T2012.CFE
T.CFE,2020/9/4,97.69,97.715,T2012.CFE
T.CFE,2020/9/7,97.59,97.545,T2012.CFE
T.CFE,2020/9/8,97.9,97.91,T2012.CFE
T.CFE,2020/9/9,98.27,98.205,T2012.CFE
T.CFE,2020/9/10,98.34,98.345,T2012.CFE
T.CFE,2020/9/11,97.86,97.92,T2012.CFE
T.CFE,2020/9/14,97.7,97.64,T2012.CFE
T.CFE,2020/9/15,98.035,98.03,T2012.CFE
T.CFE,2020/9/16,97.955,98.005,T2012.CFE
T.CFE,2020/9/17,97.885,97.885,T2012.CFE
T.CFE,2020/9/18,97.865,97.83,T2012.CFE
T.CFE,2020/9/21,98.255,98.205,T2012.CFE
T.CFE,2020/9/22,98.545,98.51,T2012.CFE
T.CFE,2020/9/23,98.415,98.37,T2012.CFE
T.CFE,2020/9/24,98.345,98.335,T2012.CFE
T.CFE,2020/9/25,98.1,98.125,T2012.CFE
T.CFE,2020/9/28,98.275,98.235,T2012.CFE
T.CFE,2020/9/29,98.045,98.025,T2012.CFE
T.CFE,2020/9/30,97.775,97.785,T2012.CFE
T.CFE,2020/10/9,97.455,97.505,T2012.CFE
T.CFE,2020/10/12,97.625,97.625,T2012.CFE
T.CFE,2020/10/13,97.535,97.535,T2012.CFE
T.CFE,2020/10/14,97.525,97.435,T2012.CFE
T.CFE,2020/10/15,97.355,97.375,T2012.CFE
T.CFE,2020/10/16,97.495,97.465,T2012.CFE
T.CFE,2020/10/19,97.815,97.785,T2012.CFE
T.CFE,2020/10/20,97.875,97.825,T2012.CFE
T.CFE,2020/10/21,97.82,97.8,T2012.CFE
T.CFE,2020/10/22,98.13,98.085,T2012.CFE
T.CFE,2020/10/23,97.965,97.99,T2012.CFE
T.CFE,2020/10/26,97.99,97.995,T2012.CFE
T.CFE,2020/10/27,98.215,98.21,T2012.CFE
T.CFE,2020/10/28,98.14,98.09,T2012.CFE
T.CFE,2020/10/29,98.03,98.015,T2012.CFE
T.CFE,2020/10/30,98.085,98.13,T2012.CFE
T.CFE,2020/11/2,98.3,98.265,T2012.CFE
T.CFE,2020/11/3,98.345,98.295,T2012.CFE
T.CFE,2020/11/4,98.44,98.4,T2012.CFE
T.CFE,2020/11/5,98.3,98.31,T2012.CFE
T.CFE,2020/11/6,98.065,98.095,T2012.CFE
T.CFE,2020/11/9,97.88,97.865,T2012.CFE
T.CFE,2020/11/10,97.925,97.98,T2012.CFE
T.CFE,2020/11/11,97.92,97.905,T2012.CFE
T.CFE,2020/11/12,97.845,97.865,T2012.CFE
T.CFE,2020/11/13,97.635,97.605,T2012.CFE
T.CFE,2020/11/16,97.62,97.635,T2012.CFE
T.CFE,2020/11/17,97.515,97.5,T2012.CFE
T.CFE,2020/11/18,97.215,97.26,T2012.CFE
T.CFE,2020/11/19,97.145,97.19,T2012.CFE
T.CFE,2020/11/20,97.02,97.02,T2103.CFE
T.CFE,2020/11/23,97.295,97.315,T2103.CFE
T.CFE,2020/11/24,97.185,97.195,T2103.CFE
T.CFE,2020/11/25,97.45,97.355,T2103.CFE
T.CFE,2020/11/26,97.315,97.31,T2103.CFE
T.CFE,2020/11/27,97.175,97.24,T2103.CFE
T.CFE,2020/11/30,97.67,97.645,T2103.CFE
T.CFE,2020/12/1,97.485,97.445,T2103.CFE
T.CFE,2020/12/2,97.255,97.22,T2103.CFE
T.CFE,2020/12/3,97.235,97.2,T2103.CFE
T.CFE,2020/12/4,97.435,97.445,T2103.CFE
T.CFE,2020/12/7,97.31,97.325,T2103.CFE
T.CFE,2020/12/8,97.535,97.57,T2103.CFE
T.CFE,2020/12/9,97.5,97.46,T2103.CFE
T.CFE,2020/12/10,97.545,97.61,T2103.CFE
T.CFE,2020/12/11,97.215,97.225,T2103.CFE
T.CFE,2020/12/14,97.22,97.225,T2103.CFE
T.CFE,2020/12/15,97.36,97.39,T2103.CFE
T.CFE,2020/12/16,97.345,97.32,T2103.CFE
T.CFE,2020/12/17,97.22,97.22,T2103.CFE
