date_id,T_name,T_irret,TF_name,TF_irret,FutYHret
2015/8/18,T1512.CFE,0.035733333,TF1512.CFE,0.033966667,17.67 
2015/8/19,T1512.CFE,0.035833333,TF1512.CFE,0.034266667,15.67 
2015/8/20,T1512.CFE,0.035733333,TF1512.CFE,0.033966667,17.67 
2015/8/21,T1512.CFE,0.0356,TF1512.CFE,0.033766667,18.33 
2015/8/24,T1512.CFE,0.035366667,TF1512.CFE,0.033233333,21.33 
2015/8/25,T1512.CFE,0.0353,TF1512.CFE,0.0332,21.00 
2015/8/26,T1512.CFE,0.035066667,TF1512.CFE,0.032733333,23.33 
2015/8/27,T1512.CFE,0.034566667,TF1512.CFE,0.032066667,25.00 
2015/8/28,T1512.CFE,0.034666667,TF1512.CFE,0.032266667,24.00 
2015/8/31,T1512.CFE,0.034066667,TF1512.CFE,0.0317,23.67 
2015/9/1,T1512.CFE,0.033866667,TF1512.CFE,0.031666667,22.00 
2015/9/2,T1512.CFE,0.034266667,TF1512.CFE,0.0322,20.67 
2015/9/7,T1512.CFE,0.034466667,TF1512.CFE,0.032566667,19.00 
2015/9/8,T1512.CFE,0.034566667,TF1512.CFE,0.033,15.67 
2015/9/9,T1512.CFE,0.034666667,TF1512.CFE,0.0331,15.67 
2015/9/10,T1512.CFE,0.034533333,TF1512.CFE,0.0328,17.33 
2015/9/11,T1512.CFE,0.034666667,TF1512.CFE,0.033,16.67 
2015/9/14,T1512.CFE,0.034466667,TF1512.CFE,0.032766667,17.00 
2015/9/15,T1512.CFE,0.034233333,TF1512.CFE,0.0324,18.33 
2015/9/16,T1512.CFE,0.034366667,TF1512.CFE,0.0327,16.67 
2015/9/17,T1512.CFE,0.034666667,TF1512.CFE,0.0331,15.67 
2015/9/18,T1512.CFE,0.034466667,TF1512.CFE,0.032833333,16.33 
2015/9/21,T1512.CFE,0.034466667,TF1512.CFE,0.032833333,16.33 
2015/9/22,T1512.CFE,0.034733333,TF1512.CFE,0.0332,15.33 
2015/9/23,T1512.CFE,0.034566667,TF1512.CFE,0.033,15.67 
2015/9/24,T1512.CFE,0.034466667,TF1512.CFE,0.0328,16.67 
2015/9/25,T1512.CFE,0.0342,TF1512.CFE,0.0325,17.00 
2015/9/28,T1512.CFE,0.033833333,TF1512.CFE,0.0322,16.33 
2015/9/29,T1512.CFE,0.0334,TF1512.CFE,0.0319,15.00 
2015/9/30,T1512.CFE,0.0334,TF1512.CFE,0.0319,15.00 
2015/10/8,T1512.CFE,0.033433333,TF1512.CFE,0.032,14.33 
2015/10/9,T1512.CFE,0.0325,TF1512.CFE,0.0305,20.00 
2015/10/12,T1512.CFE,0.032266667,TF1512.CFE,0.0301,21.67 
2015/10/13,T1512.CFE,0.031766667,TF1512.CFE,0.0296,21.67 
2015/10/14,T1512.CFE,0.031633333,TF1512.CFE,0.029566667,20.67 
2015/10/15,T1512.CFE,0.031833333,TF1512.CFE,0.0299,19.33 
2015/10/16,T1512.CFE,0.032366667,TF1512.CFE,0.0308,15.67 
2015/10/19,T1512.CFE,0.0323,TF1512.CFE,0.0307,16.00 
2015/10/20,T1512.CFE,0.031266667,TF1512.CFE,0.0295,17.67 
2015/10/21,T1512.CFE,0.031333333,TF1512.CFE,0.0298,15.33 
2015/10/22,T1512.CFE,0.031033333,TF1512.CFE,0.0296,14.33 
2015/10/23,T1512.CFE,0.030966667,TF1512.CFE,0.0293,16.67 
2015/10/26,T1512.CFE,0.030966667,TF1512.CFE,0.029366667,16.00 
2015/10/27,T1512.CFE,0.0303,TF1512.CFE,0.0285,18.00 
2015/10/28,T1512.CFE,0.0307,TF1512.CFE,0.0293,14.00 
2015/10/29,T1512.CFE,0.031466667,TF1512.CFE,0.0302,12.67 
2015/10/30,T1512.CFE,0.031433333,TF1512.CFE,0.030166667,12.67 
2015/11/2,T1512.CFE,0.031433333,TF1512.CFE,0.030166667,12.67 
2015/11/3,T1512.CFE,0.031666667,TF1512.CFE,0.0305,11.67 
2015/11/4,T1512.CFE,0.0321,TF1512.CFE,0.0309,12.00 
2015/11/5,T1512.CFE,0.031733333,TF1512.CFE,0.0304,13.33 
2015/11/6,T1512.CFE,0.032166667,TF1512.CFE,0.0308,13.67 
2015/11/9,T1512.CFE,0.033233333,TF1512.CFE,0.031933333,13.00 
2015/11/10,T1512.CFE,0.033,TF1512.CFE,0.0315,15.00 
2015/11/11,T1512.CFE,0.0324,TF1512.CFE,0.0309,15.00 
2015/11/12,T1512.CFE,0.0324,TF1512.CFE,0.0308,16.00 
2015/11/13,T1512.CFE,0.0325,TF1512.CFE,0.031,15.00 
2015/11/16,T1512.CFE,0.0322,TF1512.CFE,0.0308,14.00 
2015/11/17,T1512.CFE,0.031966667,TF1512.CFE,0.0306,13.67 
2015/11/18,T1603.CFE,0.032833333,TF1603.CFE,0.0315,13.33 
2015/11/19,T1603.CFE,0.0328,TF1603.CFE,0.0313,15.00 
2015/11/20,T1603.CFE,0.032233333,TF1603.CFE,0.030733333,15.00 
2015/11/23,T1603.CFE,0.0325,TF1603.CFE,0.030966667,15.33 
2015/11/24,T1603.CFE,0.0319,TF1603.CFE,0.030366667,15.33 
2015/11/25,T1603.CFE,0.031766667,TF1603.CFE,0.030266667,15.00 
2015/11/26,T1603.CFE,0.031333333,TF1603.CFE,0.0298,15.33 
2015/11/27,T1603.CFE,0.031633333,TF1603.CFE,0.030166667,14.67 
2015/11/30,T1603.CFE,0.031166667,TF1603.CFE,0.029566667,16.00 
2015/12/1,T1603.CFE,0.031533333,TF1603.CFE,0.030066667,14.67 
2015/12/2,T1603.CFE,0.031433333,TF1603.CFE,0.029933333,15.00 
2015/12/3,T1603.CFE,0.031233333,TF1603.CFE,0.0297,15.33 
2015/12/4,T1603.CFE,0.031366667,TF1603.CFE,0.029866667,15.00 
2015/12/7,T1603.CFE,0.031333333,TF1603.CFE,0.0297,16.33 
2015/12/8,T1603.CFE,0.031033333,TF1603.CFE,0.0295,15.33 
2015/12/9,T1603.CFE,0.031,TF1603.CFE,0.029433333,15.67 
2015/12/10,T1603.CFE,0.031133333,TF1603.CFE,0.029566667,15.67 
2015/12/11,T1603.CFE,0.030866667,TF1603.CFE,0.029266667,16.00 
2015/12/14,T1603.CFE,0.031366667,TF1603.CFE,0.0298,15.67 
2015/12/15,T1603.CFE,0.031133333,TF1603.CFE,0.0295,16.33 
2015/12/16,T1603.CFE,0.031033333,TF1603.CFE,0.029366667,16.67 
2015/12/17,T1603.CFE,0.031033333,TF1603.CFE,0.0294,16.33 
2015/12/18,T1603.CFE,0.030533333,TF1603.CFE,0.028466667,20.67 
2015/12/21,T1603.CFE,0.0302,TF1603.CFE,0.027966667,22.33 
2015/12/22,T1603.CFE,0.030166667,TF1603.CFE,0.028066667,21.00 
2015/12/23,T1603.CFE,0.03,TF1603.CFE,0.0279,21.00 
2015/12/24,T1603.CFE,0.0296,TF1603.CFE,0.027566667,20.33 
2015/12/25,T1603.CFE,0.0296,TF1603.CFE,0.027833333,17.67 
2015/12/28,T1603.CFE,0.0293,TF1603.CFE,0.027566667,17.33 
2015/12/29,T1603.CFE,0.0296,TF1603.CFE,0.027866667,17.33 
2015/12/30,T1603.CFE,0.0297,TF1603.CFE,0.0279,18.00 
2015/12/31,T1603.CFE,0.0299,TF1603.CFE,0.0282,17.00 
2016/1/4,T1603.CFE,0.0301,TF1603.CFE,0.028433333,16.67 
2016/1/5,T1603.CFE,0.0304,TF1603.CFE,0.029,14.00 
2016/1/6,T1603.CFE,0.03,TF1603.CFE,0.0284,16.00 
2016/1/7,T1603.CFE,0.0302,TF1603.CFE,0.028566667,16.33 
2016/1/8,T1603.CFE,0.029633333,TF1603.CFE,0.028,16.33 
2016/1/11,T1603.CFE,0.0296,TF1603.CFE,0.027966667,16.33 
2016/1/12,T1603.CFE,0.029,TF1603.CFE,0.027466667,15.33 
2016/1/13,T1603.CFE,0.028733333,TF1603.CFE,0.027166667,15.67 
2016/1/14,T1603.CFE,0.0293,TF1603.CFE,0.027666667,16.33 
2016/1/15,T1603.CFE,0.029,TF1603.CFE,0.027333333,16.67 
2016/1/18,T1603.CFE,0.0296,TF1603.CFE,0.027966667,16.33 
2016/1/19,T1603.CFE,0.029733333,TF1603.CFE,0.028066667,16.67 
2016/1/20,T1603.CFE,0.0297,TF1603.CFE,0.028,17.00 
2016/1/21,T1603.CFE,0.0294,TF1603.CFE,0.027733333,16.67 
2016/1/22,T1603.CFE,0.0294,TF1603.CFE,0.0278,16.00 
2016/1/25,T1603.CFE,0.030166667,TF1603.CFE,0.028666667,15.00 
2016/1/26,T1603.CFE,0.0301,TF1603.CFE,0.028566667,15.33 
2016/1/27,T1603.CFE,0.0304,TF1603.CFE,0.028833333,15.67 
2016/1/28,T1603.CFE,0.030033333,TF1603.CFE,0.0285,15.33 
2016/1/29,T1603.CFE,0.029433333,TF1603.CFE,0.027966667,14.67 
2016/2/1,T1603.CFE,0.0295,TF1603.CFE,0.028066667,14.33 
2016/2/2,T1603.CFE,0.0301,TF1603.CFE,0.0286,15.00 
2016/2/3,T1603.CFE,0.0299,TF1603.CFE,0.028466667,14.33 
2016/2/4,T1603.CFE,0.0296,TF1603.CFE,0.028133333,14.67 
2016/2/5,T1606.CFE,0.030333333,TF1606.CFE,0.0289,14.33 
2016/2/15,T1606.CFE,0.0298,TF1606.CFE,0.028266667,15.33 
2016/2/16,T1606.CFE,0.0302,TF1606.CFE,0.028733333,14.67 
2016/2/17,T1606.CFE,0.0302,TF1606.CFE,0.0288,14.00 
2016/2/18,T1606.CFE,0.0301,TF1606.CFE,0.028633333,14.67 
2016/2/19,T1606.CFE,0.0302,TF1606.CFE,0.028733333,14.67 
2016/2/22,T1606.CFE,0.030366667,TF1606.CFE,0.028933333,14.33 
2016/2/23,T1606.CFE,0.0304,TF1606.CFE,0.029,14.00 
2016/2/24,T1606.CFE,0.0305,TF1606.CFE,0.028966667,15.33 
2016/2/25,T1606.CFE,0.0307,TF1606.CFE,0.0292,15.00 
2016/2/26,T1606.CFE,0.030733333,TF1606.CFE,0.029033333,17.00 
2016/2/29,T1606.CFE,0.0307,TF1606.CFE,0.028833333,18.67 
2016/3/1,T1606.CFE,0.0308,TF1606.CFE,0.028633333,21.67 
2016/3/2,T1606.CFE,0.031033333,TF1606.CFE,0.028933333,21.00 
2016/3/3,T1606.CFE,0.031233333,TF1606.CFE,0.0294,18.33 
2016/3/4,T1606.CFE,0.031133333,TF1606.CFE,0.0291,20.33 
2016/3/7,T1606.CFE,0.031566667,TF1606.CFE,0.0297,18.67 
2016/3/8,T1606.CFE,0.031433333,TF1606.CFE,0.0295,19.33 
2016/3/9,T1606.CFE,0.031033333,TF1606.CFE,0.028833333,22.00 
2016/3/10,T1606.CFE,0.0308,TF1606.CFE,0.0286,22.00 
2016/3/11,T1606.CFE,0.0304,TF1606.CFE,0.028233333,21.67 
2016/3/14,T1606.CFE,0.0305,TF1606.CFE,0.028233333,22.67 
2016/3/15,T1606.CFE,0.030366667,TF1606.CFE,0.028266667,21.00 
2016/3/16,T1606.CFE,0.0301,TF1606.CFE,0.027966667,21.33 
2016/3/17,T1606.CFE,0.0303,TF1606.CFE,0.0283,20.00 
2016/3/18,T1606.CFE,0.0304,TF1606.CFE,0.028266667,21.33 
2016/3/21,T1606.CFE,0.0306,TF1606.CFE,0.0287,19.00 
2016/3/22,T1606.CFE,0.030433333,TF1606.CFE,0.028433333,20.00 
2016/3/23,T1606.CFE,0.0304,TF1606.CFE,0.028366667,20.33 
2016/3/24,T1606.CFE,0.0302,TF1606.CFE,0.028066667,21.33 
2016/3/25,T1606.CFE,0.0302,TF1606.CFE,0.028033333,21.67 
2016/3/28,T1606.CFE,0.0304,TF1606.CFE,0.028133333,22.67 
2016/3/29,T1606.CFE,0.0302,TF1606.CFE,0.0274,28.00 
2016/3/30,T1606.CFE,0.0302,TF1606.CFE,0.0272,30.00 
2016/3/31,T1606.CFE,0.0302,TF1606.CFE,0.027433333,27.67 
2016/4/1,T1606.CFE,0.030133333,TF1606.CFE,0.027166667,29.67 
2016/4/5,T1606.CFE,0.0304,TF1606.CFE,0.027733333,26.67 
2016/4/6,T1606.CFE,0.0305,TF1606.CFE,0.027733333,27.67 
2016/4/7,T1606.CFE,0.030633333,TF1606.CFE,0.027833333,28.00 
2016/4/8,T1606.CFE,0.0303,TF1606.CFE,0.027333333,29.67 
2016/4/11,T1606.CFE,0.0303,TF1606.CFE,0.027266667,30.33 
2016/4/12,T1606.CFE,0.0303,TF1606.CFE,0.027466667,28.33 
2016/4/13,T1606.CFE,0.030533333,TF1606.CFE,0.028066667,24.67 
2016/4/14,T1606.CFE,0.0309,TF1606.CFE,0.0289,20.00 
2016/4/15,T1606.CFE,0.0306,TF1606.CFE,0.028266667,23.33 
2016/4/18,T1606.CFE,0.0306,TF1606.CFE,0.028233333,23.67 
2016/4/19,T1606.CFE,0.0305,TF1606.CFE,0.028066667,24.33 
2016/4/20,T1606.CFE,0.0308,TF1606.CFE,0.028633333,21.67 
2016/4/21,T1606.CFE,0.0309,TF1606.CFE,0.028733333,21.67 
2016/4/22,T1606.CFE,0.030733333,TF1606.CFE,0.0284,23.33 
2016/4/25,T1606.CFE,0.0311,TF1606.CFE,0.029,21.00 
2016/4/26,T1606.CFE,0.030766667,TF1606.CFE,0.028466667,23.00 
2016/4/27,T1606.CFE,0.0308,TF1606.CFE,0.028633333,21.67 
2016/4/28,T1606.CFE,0.0305,TF1606.CFE,0.028233333,22.67 
2016/4/29,T1606.CFE,0.0306,TF1606.CFE,0.028433333,21.67 
2016/5/3,T1606.CFE,0.0303,TF1606.CFE,0.027833333,24.67 
2016/5/4,T1606.CFE,0.0302,TF1606.CFE,0.0277,25.00 
2016/5/5,T1609.CFE,0.031933333,TF1609.CFE,0.03,19.33 
2016/5/6,T1609.CFE,0.031866667,TF1609.CFE,0.030033333,18.33 
2016/5/9,T1609.CFE,0.031066667,TF1609.CFE,0.0293,17.67 
2016/5/10,T1609.CFE,0.031,TF1609.CFE,0.0292,18.00 
2016/5/11,T1609.CFE,0.031,TF1609.CFE,0.0292,18.00 
2016/5/12,T1609.CFE,0.030633333,TF1609.CFE,0.0289,17.33 
2016/5/13,T1609.CFE,0.030833333,TF1609.CFE,0.029166667,16.67 
2016/5/16,T1609.CFE,0.031166667,TF1609.CFE,0.029366667,18.00 
2016/5/17,T1609.CFE,0.0312,TF1609.CFE,0.029366667,18.33 
2016/5/18,T1609.CFE,0.031466667,TF1609.CFE,0.029766667,17.00 
2016/5/19,T1609.CFE,0.031433333,TF1609.CFE,0.0297,17.33 
2016/5/20,T1609.CFE,0.0311,TF1609.CFE,0.0294,17.00 
2016/5/23,T1609.CFE,0.031133333,TF1609.CFE,0.029466667,16.67 
2016/5/24,T1609.CFE,0.0309,TF1609.CFE,0.0291,18.00 
2016/5/25,T1609.CFE,0.0309,TF1609.CFE,0.0291,18.00 
2016/5/26,T1609.CFE,0.031,TF1609.CFE,0.0293,17.00 
2016/5/27,T1609.CFE,0.031133333,TF1609.CFE,0.0294,17.33 
2016/5/30,T1609.CFE,0.031266667,TF1609.CFE,0.0295,17.67 
2016/5/31,T1609.CFE,0.0311,TF1609.CFE,0.029266667,18.33 
2016/6/1,T1609.CFE,0.0311,TF1609.CFE,0.0292,19.00 
2016/6/2,T1609.CFE,0.0313,TF1609.CFE,0.0294,19.00 
2016/6/3,T1609.CFE,0.031266667,TF1609.CFE,0.0293,19.67 
2016/6/6,T1609.CFE,0.031133333,TF1609.CFE,0.0291,20.33 
2016/6/7,T1609.CFE,0.031233333,TF1609.CFE,0.029266667,19.67 
2016/6/8,T1609.CFE,0.0313,TF1609.CFE,0.0295,18.00 
2016/6/13,T1609.CFE,0.031,TF1609.CFE,0.0291,19.00 
2016/6/14,T1609.CFE,0.0307,TF1609.CFE,0.0288,19.00 
2016/6/15,T1609.CFE,0.030633333,TF1609.CFE,0.028733333,19.00 
2016/6/16,T1609.CFE,0.0303,TF1609.CFE,0.0283,20.00 
2016/6/17,T1609.CFE,0.0303,TF1609.CFE,0.028333333,19.67 
2016/6/20,T1609.CFE,0.0303,TF1609.CFE,0.0283,20.00 
2016/6/21,T1609.CFE,0.0302,TF1609.CFE,0.0282,20.00 
2016/6/22,T1609.CFE,0.0301,TF1609.CFE,0.028066667,20.33 
2016/6/23,T1609.CFE,0.0302,TF1609.CFE,0.0282,20.00 
2016/6/24,T1609.CFE,0.0297,TF1609.CFE,0.0277,20.00 
2016/6/27,T1609.CFE,0.0293,TF1609.CFE,0.027266667,20.33 
2016/6/28,T1609.CFE,0.0297,TF1609.CFE,0.027666667,20.33 
2016/6/29,T1609.CFE,0.0299,TF1609.CFE,0.027766667,21.33 
2016/6/30,T1609.CFE,0.0294,TF1609.CFE,0.0274,20.00 
2016/7/1,T1609.CFE,0.029,TF1609.CFE,0.027,20.00 
2016/7/4,T1609.CFE,0.029466667,TF1609.CFE,0.0274,20.67 
2016/7/5,T1609.CFE,0.0296,TF1609.CFE,0.0275,21.00 
2016/7/6,T1609.CFE,0.0292,TF1609.CFE,0.0272,20.00 
2016/7/7,T1609.CFE,0.028966667,TF1609.CFE,0.026866667,21.00 
2016/7/8,T1609.CFE,0.0288,TF1609.CFE,0.026766667,20.33 
2016/7/11,T1609.CFE,0.0292,TF1609.CFE,0.027166667,20.33 
2016/7/12,T1609.CFE,0.0294,TF1609.CFE,0.0273,21.00 
2016/7/13,T1609.CFE,0.0296,TF1609.CFE,0.027533333,20.67 
2016/7/14,T1609.CFE,0.029466667,TF1609.CFE,0.0274,20.67 
2016/7/15,T1609.CFE,0.0291,TF1609.CFE,0.027033333,20.67 
2016/7/18,T1609.CFE,0.0292,TF1609.CFE,0.0272,20.00 
2016/7/19,T1609.CFE,0.029,TF1609.CFE,0.027,20.00 
2016/7/20,T1609.CFE,0.028566667,TF1609.CFE,0.026533333,20.33 
2016/7/21,T1609.CFE,0.0284,TF1609.CFE,0.026366667,20.33 
2016/7/22,T1609.CFE,0.028366667,TF1609.CFE,0.026366667,20.00 
2016/7/25,T1609.CFE,0.0287,TF1609.CFE,0.0266,21.00 
2016/7/26,T1609.CFE,0.028366667,TF1609.CFE,0.026266667,21.00 
2016/7/27,T1609.CFE,0.0285,TF1609.CFE,0.026366667,21.33 
2016/7/28,T1609.CFE,0.0281,TF1609.CFE,0.026066667,20.33 
2016/7/29,T1609.CFE,0.0282,TF1609.CFE,0.026166667,20.33 
2016/8/1,T1609.CFE,0.0284,TF1609.CFE,0.026266667,21.33 
2016/8/2,T1609.CFE,0.028166667,TF1609.CFE,0.026066667,21.00 
2016/8/3,T1609.CFE,0.0281,TF1609.CFE,0.025966667,21.33 
2016/8/4,T1609.CFE,0.028,TF1609.CFE,0.025866667,21.33 
2016/8/5,T1609.CFE,0.027566667,TF1609.CFE,0.025566667,20.00 
2016/8/8,T1609.CFE,0.0276,TF1609.CFE,0.025566667,20.33 
2016/8/9,T1609.CFE,0.027333333,TF1609.CFE,0.025366667,19.67 
2016/8/10,T1609.CFE,0.027166667,TF1609.CFE,0.025266667,19.00 
2016/8/11,T1612.CFE,0.0278,TF1612.CFE,0.025866667,19.33 
2016/8/12,T1612.CFE,0.0274,TF1612.CFE,0.0255,19.00 
2016/8/15,T1612.CFE,0.027233333,TF1612.CFE,0.025333333,19.00 
2016/8/16,T1612.CFE,0.027466667,TF1612.CFE,0.025466667,20.00 
2016/8/17,T1612.CFE,0.027633333,TF1612.CFE,0.0255,21.33 
2016/8/18,T1612.CFE,0.0276,TF1612.CFE,0.025566667,20.33 
2016/8/19,T1612.CFE,0.028066667,TF1612.CFE,0.026066667,20.00 
2016/8/22,T1612.CFE,0.027766667,TF1612.CFE,0.025866667,19.00 
2016/8/23,T1612.CFE,0.0284,TF1612.CFE,0.026366667,20.33 
2016/8/24,T1612.CFE,0.0285,TF1612.CFE,0.026466667,20.33 
2016/8/25,T1612.CFE,0.0285,TF1612.CFE,0.026466667,20.33 
2016/8/26,T1612.CFE,0.0281,TF1612.CFE,0.026066667,20.33 
2016/8/29,T1612.CFE,0.0284,TF1612.CFE,0.026233333,21.67 
2016/8/30,T1612.CFE,0.0289,TF1612.CFE,0.0267,22.00 
2016/8/31,T1612.CFE,0.0288,TF1612.CFE,0.0266,22.00 
2016/9/1,T1612.CFE,0.0287,TF1612.CFE,0.0265,22.00 
2016/9/2,T1612.CFE,0.0288,TF1612.CFE,0.0266,22.00 
2016/9/5,T1612.CFE,0.0288,TF1612.CFE,0.0266,22.00 
2016/9/6,T1612.CFE,0.029,TF1612.CFE,0.0267,23.00 
2016/9/7,T1612.CFE,0.0291,TF1612.CFE,0.0268,23.00 
2016/9/8,T1612.CFE,0.028766667,TF1612.CFE,0.0265,22.67 
2016/9/9,T1612.CFE,0.028466667,TF1612.CFE,0.026266667,22.00 
2016/9/12,T1612.CFE,0.0289,TF1612.CFE,0.026666667,22.33 
2016/9/13,T1612.CFE,0.0285,TF1612.CFE,0.0263,22.00 
2016/9/14,T1612.CFE,0.0284,TF1612.CFE,0.0263,21.00 
2016/9/19,T1612.CFE,0.0283,TF1612.CFE,0.026233333,20.67 
2016/9/20,T1612.CFE,0.028233333,TF1612.CFE,0.026166667,20.67 
2016/9/21,T1612.CFE,0.028266667,TF1612.CFE,0.0262,20.67 
2016/9/22,T1612.CFE,0.0283,TF1612.CFE,0.026166667,21.33 
2016/9/23,T1612.CFE,0.028133333,TF1612.CFE,0.026,21.33 
2016/9/26,T1612.CFE,0.027933333,TF1612.CFE,0.025866667,20.67 
2016/9/27,T1612.CFE,0.028,TF1612.CFE,0.025866667,21.33 
2016/9/28,T1612.CFE,0.028,TF1612.CFE,0.0258,22.00 
2016/9/29,T1612.CFE,0.028066667,TF1612.CFE,0.0258,22.67 
2016/9/30,T1612.CFE,0.028,TF1612.CFE,0.025766667,22.33 
2016/10/10,T1612.CFE,0.027466667,TF1612.CFE,0.0253,21.67 
2016/10/11,T1612.CFE,0.0276,TF1612.CFE,0.0254,22.00 
2016/10/12,T1612.CFE,0.027866667,TF1612.CFE,0.0256,22.67 
2016/10/13,T1612.CFE,0.027666667,TF1612.CFE,0.025366667,23.00 
2016/10/14,T1612.CFE,0.027533333,TF1612.CFE,0.0253,22.33 
2016/10/17,T1612.CFE,0.0275,TF1612.CFE,0.025166667,23.33 
2016/10/18,T1612.CFE,0.027566667,TF1612.CFE,0.025166667,24.00 
2016/10/19,T1612.CFE,0.027233333,TF1612.CFE,0.024866667,23.67 
2016/10/20,T1612.CFE,0.026866667,TF1612.CFE,0.024566667,23.00 
2016/10/21,T1612.CFE,0.026766667,TF1612.CFE,0.024466667,23.00 
2016/10/24,T1612.CFE,0.027233333,TF1612.CFE,0.0249,23.33 
2016/10/25,T1612.CFE,0.0275,TF1612.CFE,0.0252,23.00 
2016/10/26,T1612.CFE,0.027966667,TF1612.CFE,0.0257,22.67 
2016/10/27,T1612.CFE,0.027466667,TF1612.CFE,0.025166667,23.00 
2016/10/28,T1612.CFE,0.027433333,TF1612.CFE,0.0251,23.33 
2016/10/31,T1612.CFE,0.027866667,TF1612.CFE,0.025566667,23.00 
2016/11/1,T1612.CFE,0.027766667,TF1612.CFE,0.025433333,23.33 
2016/11/2,T1612.CFE,0.027766667,TF1612.CFE,0.0253,24.67 
2016/11/3,T1612.CFE,0.027466667,TF1612.CFE,0.025066667,24.00 
2016/11/4,T1612.CFE,0.027433333,TF1612.CFE,0.025033333,24.00 
2016/11/7,T1612.CFE,0.027833333,TF1612.CFE,0.025366667,24.67 
2016/11/8,T1612.CFE,0.027966667,TF1612.CFE,0.0254,25.67 
2016/11/9,T1612.CFE,0.027966667,TF1612.CFE,0.0255,24.67 
2016/11/10,T1703.CFE,0.0298,TF1703.CFE,0.027233333,25.67 
2016/11/11,T1703.CFE,0.030166667,TF1703.CFE,0.027633333,25.33 
2016/11/14,T1703.CFE,0.0304,TF1703.CFE,0.027933333,24.67 
2016/11/15,T1703.CFE,0.0303,TF1703.CFE,0.027933333,23.67 
2016/11/16,T1703.CFE,0.0304,TF1703.CFE,0.0282,22.00 
2016/11/17,T1703.CFE,0.030533333,TF1703.CFE,0.028533333,20.00 
2016/11/18,T1703.CFE,0.0306,TF1703.CFE,0.028766667,18.33 
2016/11/21,T1703.CFE,0.030533333,TF1703.CFE,0.028766667,17.67 
2016/11/22,T1703.CFE,0.0306,TF1703.CFE,0.028866667,17.33 
2016/11/23,T1703.CFE,0.0302,TF1703.CFE,0.0282,20.00 
2016/11/24,T1703.CFE,0.030333333,TF1703.CFE,0.028233333,21.00 
2016/11/25,T1703.CFE,0.0305,TF1703.CFE,0.028433333,20.67 
2016/11/28,T1703.CFE,0.0304,TF1703.CFE,0.028333333,20.67 
2016/11/29,T1703.CFE,0.0312,TF1703.CFE,0.029366667,18.33 
2016/11/30,T1703.CFE,0.031433333,TF1703.CFE,0.0296,18.33 
2016/12/1,T1703.CFE,0.0322,TF1703.CFE,0.0305,17.00 
2016/12/2,T1703.CFE,0.032133333,TF1703.CFE,0.0306,15.33 
2016/12/5,T1703.CFE,0.032333333,TF1703.CFE,0.0308,15.33 
2016/12/6,T1703.CFE,0.032933333,TF1703.CFE,0.031433333,15.00 
2016/12/7,T1703.CFE,0.0328,TF1703.CFE,0.031133333,16.67 
2016/12/8,T1703.CFE,0.032733333,TF1703.CFE,0.031166667,15.67 
2016/12/9,T1703.CFE,0.0328,TF1703.CFE,0.031133333,16.67 
2016/12/12,T1703.CFE,0.033833333,TF1703.CFE,0.031966667,18.67 
2016/12/13,T1703.CFE,0.034233333,TF1703.CFE,0.0325,17.33 
2016/12/14,T1703.CFE,0.034533333,TF1703.CFE,0.032766667,17.67 
2016/12/15,T1703.CFE,0.036666667,TF1703.CFE,0.035133333,15.33 
2016/12/16,T1703.CFE,0.035233333,TF1703.CFE,0.0335,17.33 
2016/12/19,T1703.CFE,0.0367,TF1703.CFE,0.035,17.00 
2016/12/20,T1703.CFE,0.0365,TF1703.CFE,0.034866667,16.33 
2016/12/21,T1703.CFE,0.0347,TF1703.CFE,0.032733333,19.67 
2016/12/22,T1703.CFE,0.033866667,TF1703.CFE,0.032,18.67 
2016/12/23,T1703.CFE,0.034133333,TF1703.CFE,0.0324,17.33 
2016/12/26,T1703.CFE,0.034133333,TF1703.CFE,0.032333333,18.00 
2016/12/27,T1703.CFE,0.034666667,TF1703.CFE,0.032833333,18.33 
2016/12/28,T1703.CFE,0.034233333,TF1703.CFE,0.032333333,19.00 
2016/12/29,T1703.CFE,0.032966667,TF1703.CFE,0.0311,18.67 
2016/12/30,T1703.CFE,0.033233333,TF1703.CFE,0.031433333,18.00 
2017/1/3,T1703.CFE,0.033233333,TF1703.CFE,0.031366667,18.67 
2017/1/4,T1703.CFE,0.033433333,TF1703.CFE,0.031533333,19.00 
2017/1/5,T1703.CFE,0.033333333,TF1703.CFE,0.031233333,21.00 
2017/1/6,T1703.CFE,0.033433333,TF1703.CFE,0.0313,21.33 
2017/1/9,T1703.CFE,0.032933333,TF1703.CFE,0.0309,20.33 
2017/1/10,T1703.CFE,0.032933333,TF1703.CFE,0.031,19.33 
2017/1/11,T1703.CFE,0.0333,TF1703.CFE,0.0313,20.00 
2017/1/12,T1703.CFE,0.033,TF1703.CFE,0.030833333,21.67 
2017/1/13,T1703.CFE,0.033033333,TF1703.CFE,0.030833333,22.00 
2017/1/16,T1703.CFE,0.033733333,TF1703.CFE,0.031733333,20.00 
2017/1/17,T1703.CFE,0.034133333,TF1703.CFE,0.032,21.33 
2017/1/18,T1703.CFE,0.034033333,TF1703.CFE,0.031933333,21.00 
2017/1/19,T1703.CFE,0.033733333,TF1703.CFE,0.0314,23.33 
2017/1/20,T1703.CFE,0.033333333,TF1703.CFE,0.031,23.33 
2017/1/23,T1703.CFE,0.033533333,TF1703.CFE,0.0312,23.33 
2017/1/24,T1706.CFE,0.035766667,TF1706.CFE,0.0335,22.67 
2017/1/25,T1706.CFE,0.036866667,TF1706.CFE,0.0345,23.67 
2017/1/26,T1706.CFE,0.037166667,TF1706.CFE,0.0347,24.67 
2017/2/3,T1706.CFE,0.038366667,TF1706.CFE,0.0357,26.67 
2017/2/6,T1706.CFE,0.038266667,TF1706.CFE,0.035633333,26.33 
2017/2/7,T1706.CFE,0.037966667,TF1706.CFE,0.0353,26.67 
2017/2/8,T1706.CFE,0.0376,TF1706.CFE,0.0349,27.00 
2017/2/9,T1706.CFE,0.036766667,TF1706.CFE,0.0341,26.67 
2017/2/10,T1706.CFE,0.037066667,TF1706.CFE,0.0343,27.67 
2017/2/13,T1706.CFE,0.036566667,TF1706.CFE,0.0338,27.67 
2017/2/14,T1706.CFE,0.036966667,TF1706.CFE,0.0342,27.67 
2017/2/15,T1706.CFE,0.037066667,TF1706.CFE,0.0341,29.67 
2017/2/16,T1706.CFE,0.036433333,TF1706.CFE,0.033433333,30.00 
2017/2/17,T1706.CFE,0.036066667,TF1706.CFE,0.0333,27.67 
2017/2/20,T1706.CFE,0.035466667,TF1706.CFE,0.032633333,28.33 
2017/2/21,T1706.CFE,0.036066667,TF1706.CFE,0.0332,28.67 
2017/2/22,T1706.CFE,0.035466667,TF1706.CFE,0.032633333,28.33 
2017/2/23,T1706.CFE,0.035366667,TF1706.CFE,0.032566667,28.00 
2017/2/24,T1706.CFE,0.035266667,TF1706.CFE,0.032533333,27.33 
2017/2/27,T1706.CFE,0.035433333,TF1706.CFE,0.0327,27.33 
2017/2/28,T1706.CFE,0.035266667,TF1706.CFE,0.032433333,28.33 
2017/3/1,T1706.CFE,0.035966667,TF1706.CFE,0.033133333,28.33 
2017/3/2,T1706.CFE,0.0361,TF1706.CFE,0.0333,28.00 
2017/3/3,T1706.CFE,0.036166667,TF1706.CFE,0.0334,27.67 
2017/3/6,T1706.CFE,0.036266667,TF1706.CFE,0.0335,27.67 
2017/3/7,T1706.CFE,0.036066667,TF1706.CFE,0.0333,27.67 
2017/3/8,T1706.CFE,0.036566667,TF1706.CFE,0.0339,26.67 
2017/3/9,T1706.CFE,0.036766667,TF1706.CFE,0.0342,25.67 
2017/3/10,T1706.CFE,0.036666667,TF1706.CFE,0.0342,24.67 
2017/3/13,T1706.CFE,0.035866667,TF1706.CFE,0.0335,23.67 
2017/3/14,T1706.CFE,0.035566667,TF1706.CFE,0.0332,23.67 
2017/3/15,T1706.CFE,0.035433333,TF1706.CFE,0.033066667,23.67 
2017/3/16,T1706.CFE,0.034566667,TF1706.CFE,0.032433333,21.33 
2017/3/17,T1706.CFE,0.034466667,TF1706.CFE,0.032433333,20.33 
2017/3/20,T1706.CFE,0.034466667,TF1706.CFE,0.0325,19.67 
2017/3/21,T1706.CFE,0.034366667,TF1706.CFE,0.032433333,19.33 
2017/3/22,T1706.CFE,0.034266667,TF1706.CFE,0.032533333,17.33 
2017/3/23,T1706.CFE,0.034133333,TF1706.CFE,0.032333333,18.00 
2017/3/24,T1706.CFE,0.033266667,TF1706.CFE,0.031533333,17.33 
2017/3/27,T1706.CFE,0.0333,TF1706.CFE,0.031433333,18.67 
2017/3/28,T1706.CFE,0.033766667,TF1706.CFE,0.031733333,20.33 
2017/3/29,T1706.CFE,0.0336,TF1706.CFE,0.031633333,19.67 
2017/3/30,T1706.CFE,0.033966667,TF1706.CFE,0.0319,20.67 
2017/3/31,T1706.CFE,0.033866667,TF1706.CFE,0.031733333,21.33 
2017/4/5,T1706.CFE,0.034266667,TF1706.CFE,0.032033333,22.33 
2017/4/6,T1706.CFE,0.034066667,TF1706.CFE,0.031933333,21.33 
2017/4/7,T1706.CFE,0.0336,TF1706.CFE,0.031666667,19.33 
2017/4/10,T1706.CFE,0.033866667,TF1706.CFE,0.031933333,19.33 
2017/4/11,T1706.CFE,0.033766667,TF1706.CFE,0.031866667,19.00 
2017/4/12,T1706.CFE,0.033966667,TF1706.CFE,0.032166667,18.00 
2017/4/13,T1706.CFE,0.033933333,TF1706.CFE,0.032233333,17.00 
2017/4/14,T1706.CFE,0.0342,TF1706.CFE,0.032466667,17.33 
2017/4/17,T1706.CFE,0.034833333,TF1706.CFE,0.033133333,17.00 
2017/4/18,T1706.CFE,0.034766667,TF1706.CFE,0.0331,16.67 
2017/4/19,T1706.CFE,0.0347,TF1706.CFE,0.033,17.00 
2017/4/20,T1706.CFE,0.034666667,TF1706.CFE,0.0329,17.67 
2017/4/21,T1706.CFE,0.035166667,TF1706.CFE,0.033433333,17.33 
2017/4/24,T1706.CFE,0.035766667,TF1706.CFE,0.0342,15.67 
2017/4/25,T1706.CFE,0.035133333,TF1706.CFE,0.0335,16.33 
2017/4/26,T1706.CFE,0.035066667,TF1706.CFE,0.033533333,15.33 
2017/4/27,T1706.CFE,0.034766667,TF1706.CFE,0.0334,13.67 
2017/4/28,T1706.CFE,0.035066667,TF1706.CFE,0.0338,12.67 
2017/5/2,T1706.CFE,0.035266667,TF1706.CFE,0.0339,13.67 
2017/5/3,T1706.CFE,0.035466667,TF1706.CFE,0.0341,13.67 
2017/5/4,T1706.CFE,0.035866667,TF1706.CFE,0.0348,10.67 
2017/5/5,T1706.CFE,0.036033333,TF1706.CFE,0.0351,9.33 
2017/5/8,T1706.CFE,0.036366667,TF1706.CFE,0.0355,8.67 
2017/5/9,T1706.CFE,0.036533333,TF1706.CFE,0.0357,8.33 
2017/5/10,T1706.CFE,0.037266667,TF1706.CFE,0.036733333,5.33 
2017/5/11,T1709.CFE,0.0372,TF1709.CFE,0.0359,13.00 
2017/5/12,T1709.CFE,0.037466667,TF1709.CFE,0.0364,10.67 
2017/5/15,T1709.CFE,0.036933333,TF1709.CFE,0.035833333,11.00 
2017/5/16,T1709.CFE,0.037266667,TF1709.CFE,0.0361,11.67 
2017/5/17,T1709.CFE,0.0371,TF1709.CFE,0.036166667,9.33 
2017/5/18,T1709.CFE,0.0366,TF1709.CFE,0.0358,8.00 
2017/5/19,T1709.CFE,0.0368,TF1709.CFE,0.0363,5.00 
2017/5/22,T1709.CFE,0.037366667,TF1709.CFE,0.0369,4.67 
2017/5/23,T1709.CFE,0.0374,TF1709.CFE,0.0366,8.00 
2017/5/24,T1709.CFE,0.0372,TF1709.CFE,0.0361,11.00 
2017/5/25,T1709.CFE,0.0372,TF1709.CFE,0.036166667,10.33 
2017/5/26,T1709.CFE,0.0372,TF1709.CFE,0.036266667,9.33 
2017/5/31,T1709.CFE,0.0367,TF1709.CFE,0.035566667,11.33 
2017/6/1,T1709.CFE,0.036633333,TF1709.CFE,0.035333333,13.00 
2017/6/2,T1709.CFE,0.0366,TF1709.CFE,0.035266667,13.33 
2017/6/5,T1709.CFE,0.0362,TF1709.CFE,0.0349,13.00 
2017/6/6,T1709.CFE,0.0365,TF1709.CFE,0.035166667,13.33 
2017/6/7,T1709.CFE,0.036433333,TF1709.CFE,0.035433333,10.00 
2017/6/8,T1709.CFE,0.0365,TF1709.CFE,0.0356,9.00 
2017/6/9,T1709.CFE,0.0363,TF1709.CFE,0.035433333,8.67 
2017/6/12,T1709.CFE,0.0358,TF1709.CFE,0.034866667,9.33 
2017/6/13,T1709.CFE,0.0358,TF1709.CFE,0.034866667,9.33 
2017/6/14,T1709.CFE,0.0356,TF1709.CFE,0.034666667,9.33 
2017/6/15,T1709.CFE,0.0358,TF1709.CFE,0.0347,11.00 
2017/6/16,T1709.CFE,0.0358,TF1709.CFE,0.034766667,10.33 
2017/6/19,T1709.CFE,0.0351,TF1709.CFE,0.034,11.00 
2017/6/20,T1709.CFE,0.0352,TF1709.CFE,0.034,12.00 
2017/6/21,T1709.CFE,0.0356,TF1709.CFE,0.0344,12.00 
2017/6/22,T1709.CFE,0.0358,TF1709.CFE,0.034666667,11.33 
2017/6/23,T1709.CFE,0.0358,TF1709.CFE,0.0346,12.00 
2017/6/26,T1709.CFE,0.035333333,TF1709.CFE,0.034066667,12.67 
2017/6/27,T1709.CFE,0.035266667,TF1709.CFE,0.034,12.67 
2017/6/28,T1709.CFE,0.035466667,TF1709.CFE,0.0341,13.67 
2017/6/29,T1709.CFE,0.035666667,TF1709.CFE,0.0342,14.67 
2017/6/30,T1709.CFE,0.036,TF1709.CFE,0.034566667,14.33 
2017/7/3,T1709.CFE,0.0363,TF1709.CFE,0.034866667,14.33 
2017/7/4,T1709.CFE,0.0363,TF1709.CFE,0.034866667,14.33 
2017/7/5,T1709.CFE,0.036033333,TF1709.CFE,0.034666667,13.67 
2017/7/6,T1709.CFE,0.0358,TF1709.CFE,0.0343,15.00 
2017/7/7,T1709.CFE,0.036,TF1709.CFE,0.034366667,16.33 
2017/7/10,T1709.CFE,0.036133333,TF1709.CFE,0.034666667,14.67 
2017/7/11,T1709.CFE,0.036,TF1709.CFE,0.0346,14.00 
2017/7/12,T1709.CFE,0.0359,TF1709.CFE,0.034666667,12.33 
2017/7/13,T1709.CFE,0.0358,TF1709.CFE,0.034666667,11.33 
2017/7/14,T1709.CFE,0.035833333,TF1709.CFE,0.034866667,9.67 
2017/7/17,T1709.CFE,0.0358,TF1709.CFE,0.0349,9.00 
2017/7/18,T1709.CFE,0.0361,TF1709.CFE,0.035333333,7.67 
2017/7/19,T1709.CFE,0.0361,TF1709.CFE,0.035233333,8.67 
2017/7/20,T1709.CFE,0.0359,TF1709.CFE,0.034966667,9.33 
2017/7/21,T1709.CFE,0.036,TF1709.CFE,0.035133333,8.67 
2017/7/24,T1709.CFE,0.0359,TF1709.CFE,0.035066667,8.33 
2017/7/25,T1709.CFE,0.0361,TF1709.CFE,0.035266667,8.33 
2017/7/26,T1709.CFE,0.0364,TF1709.CFE,0.035533333,8.67 
2017/7/27,T1709.CFE,0.0363,TF1709.CFE,0.0355,8.00 
2017/7/28,T1709.CFE,0.036333333,TF1709.CFE,0.035666667,6.67 
2017/7/31,T1709.CFE,0.036633333,TF1709.CFE,0.036,6.33 
2017/8/1,T1709.CFE,0.0369,TF1709.CFE,0.0363,6.00 
2017/8/2,T1709.CFE,0.036733333,TF1709.CFE,0.0361,6.33 
2017/8/3,T1709.CFE,0.036633333,TF1709.CFE,0.0361,5.33 
2017/8/4,T1709.CFE,0.0366,TF1709.CFE,0.035966667,6.33 
2017/8/7,T1709.CFE,0.037033333,TF1709.CFE,0.0364,6.33 
2017/8/8,T1709.CFE,0.036966667,TF1709.CFE,0.036366667,6.00 
2017/8/9,T1709.CFE,0.0369,TF1709.CFE,0.036633333,2.67 
2017/8/10,T1712.CFE,0.037033333,TF1712.CFE,0.036,10.33 
2017/8/11,T1712.CFE,0.036733333,TF1712.CFE,0.035533333,12.00 
2017/8/14,T1712.CFE,0.036433333,TF1712.CFE,0.035333333,11.00 
2017/8/15,T1712.CFE,0.036333333,TF1712.CFE,0.035266667,10.67 
2017/8/16,T1712.CFE,0.0364,TF1712.CFE,0.035433333,9.67 
2017/8/17,T1712.CFE,0.0364,TF1712.CFE,0.035433333,9.67 
2017/8/18,T1712.CFE,0.0364,TF1712.CFE,0.035433333,9.67 
2017/8/21,T1712.CFE,0.0366,TF1712.CFE,0.035633333,9.67 
2017/8/22,T1712.CFE,0.0367,TF1712.CFE,0.035633333,10.67 
2017/8/23,T1712.CFE,0.0366,TF1712.CFE,0.035433333,11.67 
2017/8/24,T1712.CFE,0.036733333,TF1712.CFE,0.035566667,11.67 
2017/8/25,T1712.CFE,0.0368,TF1712.CFE,0.035633333,11.67 
2017/8/28,T1712.CFE,0.0369,TF1712.CFE,0.035733333,11.67 
2017/8/29,T1712.CFE,0.0368,TF1712.CFE,0.035633333,11.67 
2017/8/30,T1712.CFE,0.036633333,TF1712.CFE,0.035533333,11.00 
2017/8/31,T1712.CFE,0.0365,TF1712.CFE,0.035433333,10.67 
2017/9/1,T1712.CFE,0.036633333,TF1712.CFE,0.035466667,11.67 
2017/9/4,T1712.CFE,0.036633333,TF1712.CFE,0.035533333,11.00 
2017/9/5,T1712.CFE,0.0369,TF1712.CFE,0.0358,11.00 
2017/9/6,T1712.CFE,0.0367,TF1712.CFE,0.035633333,10.67 
2017/9/7,T1712.CFE,0.0364,TF1712.CFE,0.035333333,10.67 
2017/9/8,T1712.CFE,0.0361,TF1712.CFE,0.035033333,10.67 
2017/9/11,T1712.CFE,0.0362,TF1712.CFE,0.0352,10.00 
2017/9/12,T1712.CFE,0.0361,TF1712.CFE,0.0351,10.00 
2017/9/13,T1712.CFE,0.0363,TF1712.CFE,0.035433333,8.67 
2017/9/14,T1712.CFE,0.0359,TF1712.CFE,0.035133333,7.67 
2017/9/15,T1712.CFE,0.035866667,TF1712.CFE,0.035133333,7.33 
2017/9/18,T1712.CFE,0.0362,TF1712.CFE,0.035533333,6.67 
2017/9/19,T1712.CFE,0.0361,TF1712.CFE,0.035333333,7.67 
2017/9/20,T1712.CFE,0.0362,TF1712.CFE,0.035466667,7.33 
2017/9/21,T1712.CFE,0.0364,TF1712.CFE,0.035633333,7.67 
2017/9/22,T1712.CFE,0.0362,TF1712.CFE,0.035433333,7.67 
2017/9/25,T1712.CFE,0.036,TF1712.CFE,0.035233333,7.67 
2017/9/26,T1712.CFE,0.036066667,TF1712.CFE,0.035233333,8.33 
2017/9/27,T1712.CFE,0.0361,TF1712.CFE,0.035266667,8.33 
2017/9/28,T1712.CFE,0.036,TF1712.CFE,0.035066667,9.33 
2017/9/29,T1712.CFE,0.036,TF1712.CFE,0.0351,9.00 
2017/10/9,T1712.CFE,0.036433333,TF1712.CFE,0.035533333,9.00 
2017/10/10,T1712.CFE,0.0364,TF1712.CFE,0.035633333,7.67 
2017/10/11,T1712.CFE,0.0364,TF1712.CFE,0.035733333,6.67 
2017/10/12,T1712.CFE,0.0368,TF1712.CFE,0.036033333,7.67 
2017/10/13,T1712.CFE,0.036733333,TF1712.CFE,0.036033333,7.00 
2017/10/16,T1712.CFE,0.0372,TF1712.CFE,0.036566667,6.33 
2017/10/17,T1712.CFE,0.0376,TF1712.CFE,0.0371,5.00 
2017/10/18,T1712.CFE,0.0377,TF1712.CFE,0.037166667,5.33 
2017/10/19,T1712.CFE,0.037433333,TF1712.CFE,0.036733333,7.00 
2017/10/20,T1712.CFE,0.037433333,TF1712.CFE,0.0366,8.33 
2017/10/23,T1712.CFE,0.037433333,TF1712.CFE,0.036666667,7.67 
2017/10/24,T1712.CFE,0.0375,TF1712.CFE,0.036733333,7.67 
2017/10/25,T1712.CFE,0.0381,TF1712.CFE,0.0374,7.00 
2017/10/26,T1712.CFE,0.038033333,TF1712.CFE,0.0374,6.33 
2017/10/27,T1712.CFE,0.038433333,TF1712.CFE,0.037933333,5.00 
2017/10/30,T1712.CFE,0.039733333,TF1712.CFE,0.0393,4.33 
2017/10/31,T1712.CFE,0.039333333,TF1712.CFE,0.038733333,6.00 
2017/11/1,T1712.CFE,0.038933333,TF1712.CFE,0.0384,5.33 
2017/11/2,T1712.CFE,0.039133333,TF1712.CFE,0.038666667,4.67 
2017/11/3,T1712.CFE,0.039133333,TF1712.CFE,0.038733333,4.00 
2017/11/6,T1712.CFE,0.038933333,TF1712.CFE,0.038666667,2.67 
2017/11/7,T1712.CFE,0.039333333,TF1712.CFE,0.039033333,3.00 
2017/11/8,T1712.CFE,0.039133333,TF1712.CFE,0.038733333,4.00 
2017/11/9,T1712.CFE,0.039233333,TF1712.CFE,0.038833333,4.00 
2017/11/10,T1803.CFE,0.039333333,TF1803.CFE,0.0384,9.33 
2017/11/13,T1803.CFE,0.040066667,TF1803.CFE,0.039033333,10.33 
2017/11/14,T1803.CFE,0.04,TF1803.CFE,0.038833333,11.67 
2017/11/15,T1803.CFE,0.0397,TF1803.CFE,0.0383,14.00 
2017/11/16,T1803.CFE,0.039366667,TF1803.CFE,0.038033333,13.33 
2017/11/17,T1803.CFE,0.039366667,TF1803.CFE,0.0382,11.67 
2017/11/20,T1803.CFE,0.039566667,TF1803.CFE,0.038333333,12.33 
2017/11/21,T1803.CFE,0.0396,TF1803.CFE,0.0384,12.00 
2017/11/22,T1803.CFE,0.040166667,TF1803.CFE,0.038933333,12.33 
2017/11/23,T1803.CFE,0.040166667,TF1803.CFE,0.038966667,12.00 
2017/11/24,T1803.CFE,0.0397,TF1803.CFE,0.038533333,11.67 
2017/11/27,T1803.CFE,0.039766667,TF1803.CFE,0.0386,11.67 
2017/11/28,T1803.CFE,0.0399,TF1803.CFE,0.038633333,12.67 
2017/11/29,T1803.CFE,0.0393,TF1803.CFE,0.038033333,12.67 
2017/11/30,T1803.CFE,0.038966667,TF1803.CFE,0.037733333,12.33 
2017/12/1,T1803.CFE,0.038966667,TF1803.CFE,0.037766667,12.00 
2017/12/4,T1803.CFE,0.038966667,TF1803.CFE,0.0378,11.67 
2017/12/5,T1803.CFE,0.039133333,TF1803.CFE,0.037866667,12.67 
2017/12/6,T1803.CFE,0.038966667,TF1803.CFE,0.0377,12.67 
2017/12/7,T1803.CFE,0.039166667,TF1803.CFE,0.037966667,12.00 
2017/12/8,T1803.CFE,0.039366667,TF1803.CFE,0.0382,11.67 
2017/12/11,T1803.CFE,0.0396,TF1803.CFE,0.038433333,11.67 
2017/12/12,T1803.CFE,0.039766667,TF1803.CFE,0.038633333,11.33 
2017/12/13,T1803.CFE,0.039766667,TF1803.CFE,0.0387,10.67 
2017/12/14,T1803.CFE,0.0395,TF1803.CFE,0.0384,11.00 
2017/12/15,T1803.CFE,0.039166667,TF1803.CFE,0.038033333,11.33 
2017/12/18,T1803.CFE,0.0392,TF1803.CFE,0.0381,11.00 
2017/12/19,T1803.CFE,0.039166667,TF1803.CFE,0.0381,10.67 
2017/12/20,T1803.CFE,0.039166667,TF1803.CFE,0.038033333,11.33 
2017/12/21,T1803.CFE,0.039166667,TF1803.CFE,0.038033333,11.33 
2017/12/22,T1803.CFE,0.038766667,TF1803.CFE,0.037633333,11.33 
2017/12/25,T1803.CFE,0.038866667,TF1803.CFE,0.0377,11.67 
2017/12/26,T1803.CFE,0.038966667,TF1803.CFE,0.037833333,11.33 
2017/12/27,T1803.CFE,0.039,TF1803.CFE,0.0379,11.00 
2017/12/28,T1803.CFE,0.038833333,TF1803.CFE,0.037733333,11.00 
2017/12/29,T1803.CFE,0.038766667,TF1803.CFE,0.037666667,11.00 
2018/1/2,T1803.CFE,0.039266667,TF1803.CFE,0.038133333,11.33 
2018/1/3,T1803.CFE,0.0395,TF1803.CFE,0.038333333,11.67 
2018/1/4,T1803.CFE,0.0397,TF1803.CFE,0.038433333,12.67 
2018/1/5,T1803.CFE,0.039666667,TF1803.CFE,0.0384,12.67 
2018/1/8,T1803.CFE,0.039466667,TF1803.CFE,0.0381,13.67 
2018/1/9,T1803.CFE,0.039466667,TF1803.CFE,0.0381,13.67 
2018/1/10,T1803.CFE,0.0398,TF1803.CFE,0.038433333,13.67 
2018/1/11,T1803.CFE,0.0402,TF1803.CFE,0.038866667,13.33 
2018/1/12,T1803.CFE,0.039966667,TF1803.CFE,0.038666667,13.00 
2018/1/15,T1803.CFE,0.0403,TF1803.CFE,0.039033333,12.67 
2018/1/16,T1803.CFE,0.0404,TF1803.CFE,0.039033333,13.67 
2018/1/17,T1803.CFE,0.040633333,TF1803.CFE,0.039333333,13.00 
2018/1/18,T1803.CFE,0.041,TF1803.CFE,0.0397,13.00 
2018/1/19,T1803.CFE,0.041033333,TF1803.CFE,0.0399,11.33 
2018/1/22,T1803.CFE,0.040666667,TF1803.CFE,0.039533333,11.33 
2018/1/23,T1803.CFE,0.0407,TF1803.CFE,0.039433333,12.67 
2018/1/24,T1803.CFE,0.0407,TF1803.CFE,0.039333333,13.67 
2018/1/25,T1803.CFE,0.0406,TF1803.CFE,0.039233333,13.67 
2018/1/26,T1803.CFE,0.040466667,TF1803.CFE,0.039066667,14.00 
2018/1/29,T1803.CFE,0.040466667,TF1803.CFE,0.039033333,14.33 
2018/1/30,T1803.CFE,0.0406,TF1803.CFE,0.039233333,13.67 
2018/1/31,T1803.CFE,0.040466667,TF1803.CFE,0.039233333,12.33 
2018/2/1,T1803.CFE,0.040166667,TF1803.CFE,0.038933333,12.33 
2018/2/2,T1803.CFE,0.040333333,TF1803.CFE,0.039033333,13.00 
2018/2/5,T1803.CFE,0.0407,TF1803.CFE,0.039333333,13.67 
2018/2/6,T1803.CFE,0.040166667,TF1803.CFE,0.038933333,12.33 
2018/2/7,T1803.CFE,0.040266667,TF1803.CFE,0.039,12.67 
2018/2/8,T1803.CFE,0.040466667,TF1803.CFE,0.039166667,13.00 
2018/2/9,T1803.CFE,0.0404,TF1803.CFE,0.039,14.00 
2018/2/12,T1806.CFE,0.040166667,TF1806.CFE,0.038933333,12.33 
2018/2/13,T1806.CFE,0.040166667,TF1806.CFE,0.038833333,13.33 
2018/2/14,T1806.CFE,0.0403,TF1806.CFE,0.0389,14.00 
2018/2/22,T1806.CFE,0.040666667,TF1806.CFE,0.039333333,13.33 
2018/2/23,T1806.CFE,0.040566667,TF1806.CFE,0.0392,13.67 
2018/2/26,T1806.CFE,0.039866667,TF1806.CFE,0.0386,12.67 
2018/2/27,T1806.CFE,0.039366667,TF1806.CFE,0.038033333,13.33 
2018/2/28,T1806.CFE,0.039333333,TF1806.CFE,0.038033333,13.00 
2018/3/1,T1806.CFE,0.039366667,TF1806.CFE,0.038,13.67 
2018/3/2,T1806.CFE,0.039366667,TF1806.CFE,0.038033333,13.33 
2018/3/5,T1806.CFE,0.039466667,TF1806.CFE,0.038166667,13.00 
2018/3/6,T1806.CFE,0.039,TF1806.CFE,0.0378,12.00 
2018/3/7,T1806.CFE,0.038966667,TF1806.CFE,0.0378,11.67 
2018/3/8,T1806.CFE,0.039033333,TF1806.CFE,0.037866667,11.67 
2018/3/9,T1806.CFE,0.038966667,TF1806.CFE,0.037766667,12.00 
2018/3/12,T1806.CFE,0.038933333,TF1806.CFE,0.037666667,12.67 
2018/3/13,T1806.CFE,0.0393,TF1806.CFE,0.037966667,13.33 
2018/3/14,T1806.CFE,0.0393,TF1806.CFE,0.038033333,12.67 
2018/3/15,T1806.CFE,0.039166667,TF1806.CFE,0.0379,12.67 
2018/3/16,T1806.CFE,0.039166667,TF1806.CFE,0.0379,12.67 
2018/3/19,T1806.CFE,0.039066667,TF1806.CFE,0.037866667,12.00 
2018/3/20,T1806.CFE,0.0387,TF1806.CFE,0.0376,11.00 
2018/3/21,T1806.CFE,0.038633333,TF1806.CFE,0.037466667,11.67 
2018/3/22,T1806.CFE,0.0384,TF1806.CFE,0.037266667,11.33 
2018/3/23,T1806.CFE,0.037633333,TF1806.CFE,0.036666667,9.67 
2018/3/26,T1806.CFE,0.0378,TF1806.CFE,0.036766667,10.33 
2018/3/27,T1806.CFE,0.0379,TF1806.CFE,0.036866667,10.33 
2018/3/28,T1806.CFE,0.0379,TF1806.CFE,0.036766667,11.33 
2018/3/29,T1806.CFE,0.0381,TF1806.CFE,0.036966667,11.33 
2018/3/30,T1806.CFE,0.037933333,TF1806.CFE,0.0368,11.33 
2018/4/2,T1806.CFE,0.038033333,TF1806.CFE,0.036866667,11.67 
2018/4/3,T1806.CFE,0.0383,TF1806.CFE,0.037166667,11.33 
2018/4/4,T1806.CFE,0.038133333,TF1806.CFE,0.037066667,10.67 
2018/4/9,T1806.CFE,0.0378,TF1806.CFE,0.036766667,10.33 
2018/4/10,T1806.CFE,0.038266667,TF1806.CFE,0.037166667,11.00 
2018/4/11,T1806.CFE,0.038,TF1806.CFE,0.037,10.00 
2018/4/12,T1806.CFE,0.0379,TF1806.CFE,0.036866667,10.33 
2018/4/13,T1806.CFE,0.037833333,TF1806.CFE,0.036766667,10.67 
2018/4/16,T1806.CFE,0.0372,TF1806.CFE,0.036066667,11.33 
2018/4/17,T1806.CFE,0.037133333,TF1806.CFE,0.035766667,13.67 
2018/4/18,T1806.CFE,0.035666667,TF1806.CFE,0.034166667,15.00 
2018/4/19,T1806.CFE,0.036166667,TF1806.CFE,0.034566667,16.00 
2018/4/20,T1806.CFE,0.0361,TF1806.CFE,0.0345,16.00 
2018/4/23,T1806.CFE,0.0365,TF1806.CFE,0.0349,16.00 
2018/4/24,T1806.CFE,0.0363,TF1806.CFE,0.0346,17.00 
2018/4/25,T1806.CFE,0.0367,TF1806.CFE,0.034733333,19.67 
2018/4/26,T1806.CFE,0.0368,TF1806.CFE,0.034733333,20.67 
2018/4/27,T1806.CFE,0.036866667,TF1806.CFE,0.0351,17.67 
2018/5/2,T1806.CFE,0.037033333,TF1806.CFE,0.035466667,15.67 
2018/5/3,T1806.CFE,0.0368,TF1806.CFE,0.0349,19.00 
2018/5/4,T1806.CFE,0.0367,TF1806.CFE,0.0347,20.00 
2018/5/7,T1806.CFE,0.037,TF1806.CFE,0.034766667,22.33 
2018/5/8,T1806.CFE,0.0375,TF1806.CFE,0.035,25.00 
2018/5/9,T1806.CFE,0.037666667,TF1806.CFE,0.0351,25.67 
2018/5/10,T1806.CFE,0.0375,TF1806.CFE,0.035,25.00 
2018/5/11,T1806.CFE,0.037433333,TF1806.CFE,0.0349,25.33 
2018/5/14,T1806.CFE,0.0374,TF1806.CFE,0.035,24.00 
2018/5/15,T1806.CFE,0.037533333,TF1806.CFE,0.0352,23.33 
2018/5/16,T1806.CFE,0.037466667,TF1806.CFE,0.0352,22.67 
2018/5/17,T1809.CFE,0.037666667,TF1809.CFE,0.0356,20.67 
2018/5/18,T1809.CFE,0.037566667,TF1809.CFE,0.035766667,18.00 
2018/5/21,T1809.CFE,0.037266667,TF1809.CFE,0.0356,16.67 
2018/5/22,T1809.CFE,0.036866667,TF1809.CFE,0.035366667,15.00 
2018/5/23,T1809.CFE,0.036766667,TF1809.CFE,0.035133333,16.33 
2018/5/24,T1809.CFE,0.036766667,TF1809.CFE,0.0352,15.67 
2018/5/25,T1809.CFE,0.0363,TF1809.CFE,0.0347,16.00 
2018/5/28,T1809.CFE,0.036366667,TF1809.CFE,0.0348,15.67 
2018/5/29,T1809.CFE,0.036266667,TF1809.CFE,0.0348,14.67 
2018/5/30,T1809.CFE,0.036066667,TF1809.CFE,0.0347,13.67 
2018/5/31,T1809.CFE,0.036466667,TF1809.CFE,0.034966667,15.00 
2018/6/1,T1809.CFE,0.036466667,TF1809.CFE,0.035,14.67 
2018/6/4,T1809.CFE,0.0368,TF1809.CFE,0.035366667,14.33 
2018/6/5,T1809.CFE,0.036966667,TF1809.CFE,0.035466667,15.00 
2018/6/6,T1809.CFE,0.036966667,TF1809.CFE,0.035566667,14.00 
2018/6/7,T1809.CFE,0.037033333,TF1809.CFE,0.0357,13.33 
2018/6/8,T1809.CFE,0.036733333,TF1809.CFE,0.035466667,12.67 
2018/6/11,T1809.CFE,0.036666667,TF1809.CFE,0.035366667,13.00 
2018/6/12,T1809.CFE,0.037066667,TF1809.CFE,0.0357,13.67 
2018/6/13,T1809.CFE,0.036866667,TF1809.CFE,0.0354,14.67 
2018/6/14,T1809.CFE,0.036366667,TF1809.CFE,0.035033333,13.33 
2018/6/15,T1809.CFE,0.0362,TF1809.CFE,0.0349,13.00 
2018/6/19,T1809.CFE,0.035666667,TF1809.CFE,0.034333333,13.33 
2018/6/20,T1809.CFE,0.036166667,TF1809.CFE,0.034733333,14.33 
2018/6/21,T1809.CFE,0.035766667,TF1809.CFE,0.034333333,14.33 
2018/6/22,T1809.CFE,0.035566667,TF1809.CFE,0.034133333,14.33 
2018/6/25,T1809.CFE,0.035866667,TF1809.CFE,0.034166667,17.00 
2018/6/26,T1809.CFE,0.035866667,TF1809.CFE,0.034266667,16.00 
2018/6/27,T1809.CFE,0.035533333,TF1809.CFE,0.034,15.33 
2018/6/28,T1809.CFE,0.035366667,TF1809.CFE,0.033766667,16.00 
2018/6/29,T1809.CFE,0.035033333,TF1809.CFE,0.033366667,16.67 
2018/7/2,T1809.CFE,0.034933333,TF1809.CFE,0.033266667,16.67 
2018/7/3,T1809.CFE,0.035133333,TF1809.CFE,0.033466667,16.67 
2018/7/4,T1809.CFE,0.0353,TF1809.CFE,0.033733333,15.67 
2018/7/5,T1809.CFE,0.0352,TF1809.CFE,0.0336,16.00 
2018/7/6,T1809.CFE,0.0355,TF1809.CFE,0.033933333,15.67 
2018/7/9,T1809.CFE,0.0356,TF1809.CFE,0.034066667,15.33 
2018/7/10,T1809.CFE,0.035633333,TF1809.CFE,0.034133333,15.00 
2018/7/11,T1809.CFE,0.035333333,TF1809.CFE,0.033833333,15.00 
2018/7/12,T1809.CFE,0.0354,TF1809.CFE,0.033933333,14.67 
2018/7/13,T1809.CFE,0.035033333,TF1809.CFE,0.033466667,15.67 
2018/7/16,T1809.CFE,0.034933333,TF1809.CFE,0.033366667,15.67 
2018/7/17,T1809.CFE,0.0349,TF1809.CFE,0.0333,16.00 
2018/7/18,T1809.CFE,0.034933333,TF1809.CFE,0.033333333,16.00 
2018/7/19,T1809.CFE,0.0346,TF1809.CFE,0.032966667,16.33 
2018/7/20,T1809.CFE,0.035366667,TF1809.CFE,0.033766667,16.00 
2018/7/23,T1809.CFE,0.035466667,TF1809.CFE,0.033766667,17.00 
2018/7/24,T1809.CFE,0.035866667,TF1809.CFE,0.0341,17.67 
2018/7/25,T1809.CFE,0.035766667,TF1809.CFE,0.034033333,17.33 
2018/7/26,T1809.CFE,0.0356,TF1809.CFE,0.033766667,18.33 
2018/7/27,T1809.CFE,0.035633333,TF1809.CFE,0.033666667,19.67 
2018/7/30,T1809.CFE,0.035566667,TF1809.CFE,0.033566667,20.00 
2018/7/31,T1809.CFE,0.0352,TF1809.CFE,0.0334,18.00 
2018/8/1,T1809.CFE,0.034933333,TF1809.CFE,0.033066667,18.67 
2018/8/2,T1809.CFE,0.0351,TF1809.CFE,0.033166667,19.33 
2018/8/3,T1809.CFE,0.034766667,TF1809.CFE,0.0329,18.67 
2018/8/6,T1809.CFE,0.0349,TF1809.CFE,0.0331,18.00 
2018/8/7,T1809.CFE,0.035033333,TF1809.CFE,0.033166667,18.67 
2018/8/8,T1809.CFE,0.0355,TF1809.CFE,0.033833333,16.67 
2018/8/9,T1809.CFE,0.035866667,TF1809.CFE,0.034166667,17.00 
2018/8/10,T1809.CFE,0.035866667,TF1809.CFE,0.034433333,14.33 
2018/8/13,T1809.CFE,0.0362,TF1809.CFE,0.034866667,13.33 
2018/8/14,T1812.CFE,0.0359,TF1812.CFE,0.0345,14.00 
2018/8/15,T1812.CFE,0.0362,TF1812.CFE,0.0348,14.00 
2018/8/16,T1812.CFE,0.0367,TF1812.CFE,0.0353,14.00 
2018/8/17,T1812.CFE,0.037066667,TF1812.CFE,0.0356,14.67 
2018/8/20,T1812.CFE,0.0369,TF1812.CFE,0.0355,14.00 
2018/8/21,T1812.CFE,0.0368,TF1812.CFE,0.0356,12.00 
2018/8/22,T1812.CFE,0.0367,TF1812.CFE,0.0356,11.00 
2018/8/23,T1812.CFE,0.0367,TF1812.CFE,0.0355,12.00 
2018/8/24,T1812.CFE,0.0368,TF1812.CFE,0.0354,14.00 
2018/8/27,T1812.CFE,0.0368,TF1812.CFE,0.035433333,13.67 
2018/8/28,T1812.CFE,0.0366,TF1812.CFE,0.0351,15.00 
2018/8/29,T1812.CFE,0.036533333,TF1812.CFE,0.0351,14.33 
2018/8/30,T1812.CFE,0.036266667,TF1812.CFE,0.0348,14.67 
2018/8/31,T1812.CFE,0.036166667,TF1812.CFE,0.0346,15.67 
2018/9/3,T1812.CFE,0.0364,TF1812.CFE,0.0349,15.00 
2018/9/4,T1812.CFE,0.0366,TF1812.CFE,0.0352,14.00 
2018/9/5,T1812.CFE,0.0366,TF1812.CFE,0.0353,13.00 
2018/9/6,T1812.CFE,0.0366,TF1812.CFE,0.0352,14.00 
2018/9/7,T1812.CFE,0.0368,TF1812.CFE,0.0355,13.00 
2018/9/10,T1812.CFE,0.037,TF1812.CFE,0.035866667,11.33 
2018/9/11,T1812.CFE,0.0374,TF1812.CFE,0.0362,12.00 
2018/9/12,T1812.CFE,0.037166667,TF1812.CFE,0.0359,12.67 
2018/9/13,T1812.CFE,0.0371,TF1812.CFE,0.0357,14.00 
2018/9/14,T1812.CFE,0.037,TF1812.CFE,0.0356,14.00 
2018/9/17,T1812.CFE,0.0369,TF1812.CFE,0.0354,15.00 
2018/9/18,T1812.CFE,0.0371,TF1812.CFE,0.035533333,15.67 
2018/9/19,T1812.CFE,0.037266667,TF1812.CFE,0.035866667,14.00 
2018/9/20,T1812.CFE,0.0376,TF1812.CFE,0.036266667,13.33 
2018/9/21,T1812.CFE,0.0374,TF1812.CFE,0.036,14.00 
2018/9/25,T1812.CFE,0.0373,TF1812.CFE,0.035966667,13.33 
2018/9/26,T1812.CFE,0.037,TF1812.CFE,0.035566667,14.33 
2018/9/27,T1812.CFE,0.0367,TF1812.CFE,0.0353,14.00 
2018/9/28,T1812.CFE,0.0365,TF1812.CFE,0.0351,14.00 
2018/10/8,T1812.CFE,0.0367,TF1812.CFE,0.0352,15.00 
2018/10/9,T1812.CFE,0.0366,TF1812.CFE,0.035,16.00 
2018/10/10,T1812.CFE,0.0366,TF1812.CFE,0.035,16.00 
2018/10/11,T1812.CFE,0.0361,TF1812.CFE,0.0345,16.00 
2018/10/12,T1812.CFE,0.036166667,TF1812.CFE,0.0345,16.67 
2018/10/15,T1812.CFE,0.0362,TF1812.CFE,0.0346,16.00 
2018/10/16,T1812.CFE,0.036066667,TF1812.CFE,0.0345,15.67 
2018/10/17,T1812.CFE,0.0361,TF1812.CFE,0.0345,16.00 
2018/10/18,T1812.CFE,0.0357,TF1812.CFE,0.0342,15.00 
2018/10/19,T1812.CFE,0.035966667,TF1812.CFE,0.0345,14.67 
2018/10/22,T1812.CFE,0.0361,TF1812.CFE,0.0346,15.00 
2018/10/23,T1812.CFE,0.035866667,TF1812.CFE,0.0344,14.67 
2018/10/24,T1812.CFE,0.0357,TF1812.CFE,0.0342,15.00 
2018/10/25,T1812.CFE,0.035633333,TF1812.CFE,0.0342,14.33 
2018/10/26,T1812.CFE,0.035566667,TF1812.CFE,0.0341,14.67 
2018/10/29,T1812.CFE,0.035266667,TF1812.CFE,0.033733333,15.33 
2018/10/30,T1812.CFE,0.035366667,TF1812.CFE,0.0338,15.67 
2018/10/31,T1812.CFE,0.035266667,TF1812.CFE,0.0338,14.67 
2018/11/1,T1812.CFE,0.035066667,TF1812.CFE,0.033666667,14.00 
2018/11/2,T1812.CFE,0.035666667,TF1812.CFE,0.0342,14.67 
2018/11/5,T1812.CFE,0.0355,TF1812.CFE,0.0341,14.00 
2018/11/6,T1812.CFE,0.035266667,TF1812.CFE,0.0338,14.67 
2018/11/7,T1812.CFE,0.035066667,TF1812.CFE,0.0335,15.67 
2018/11/8,T1812.CFE,0.034866667,TF1812.CFE,0.0333,15.67 
2018/11/9,T1812.CFE,0.034866667,TF1812.CFE,0.0333,15.67 
2018/11/12,T1812.CFE,0.035066667,TF1812.CFE,0.0335,15.67 
2018/11/13,T1812.CFE,0.034966667,TF1812.CFE,0.0335,14.67 
2018/11/14,T1812.CFE,0.0344,TF1812.CFE,0.033033333,13.67 
2018/11/15,T1812.CFE,0.0343,TF1812.CFE,0.032933333,13.67 
2018/11/16,T1812.CFE,0.0338,TF1812.CFE,0.032533333,12.67 
2018/11/19,T1903.CFE,0.034033333,TF1903.CFE,0.032733333,13.00 
2018/11/20,T1903.CFE,0.034166667,TF1903.CFE,0.0328,13.67 
2018/11/21,T1903.CFE,0.0341,TF1903.CFE,0.032866667,12.33 
2018/11/22,T1903.CFE,0.034266667,TF1903.CFE,0.033,12.67 
2018/11/23,T1903.CFE,0.034266667,TF1903.CFE,0.032966667,13.00 
2018/11/26,T1903.CFE,0.034566667,TF1903.CFE,0.033266667,13.00 
2018/11/27,T1903.CFE,0.034333333,TF1903.CFE,0.033,13.33 
2018/11/28,T1903.CFE,0.034266667,TF1903.CFE,0.032966667,13.00 
2018/11/29,T1903.CFE,0.034,TF1903.CFE,0.032666667,13.33 
2018/11/30,T1903.CFE,0.0342,TF1903.CFE,0.032866667,13.33 
2018/12/3,T1903.CFE,0.0341,TF1903.CFE,0.0328,13.00 
2018/12/4,T1903.CFE,0.0337,TF1903.CFE,0.032466667,12.33 
2018/12/5,T1903.CFE,0.0337,TF1903.CFE,0.032466667,12.33 
2018/12/6,T1903.CFE,0.0336,TF1903.CFE,0.0323,13.00 
2018/12/7,T1903.CFE,0.033666667,TF1903.CFE,0.032333333,13.33 
2018/12/10,T1903.CFE,0.0334,TF1903.CFE,0.032033333,13.67 
2018/12/11,T1903.CFE,0.0334,TF1903.CFE,0.032033333,13.67 
2018/12/12,T1903.CFE,0.0334,TF1903.CFE,0.0319,15.00 
2018/12/13,T1903.CFE,0.0341,TF1903.CFE,0.032566667,15.33 
2018/12/14,T1903.CFE,0.034333333,TF1903.CFE,0.032866667,14.67 
2018/12/17,T1903.CFE,0.034566667,TF1903.CFE,0.0332,13.67 
2018/12/18,T1903.CFE,0.034566667,TF1903.CFE,0.0332,13.67 
2018/12/19,T1903.CFE,0.034266667,TF1903.CFE,0.032866667,14.00 
2018/12/20,T1903.CFE,0.033866667,TF1903.CFE,0.0325,13.67 
2018/12/21,T1903.CFE,0.033866667,TF1903.CFE,0.032433333,14.33 
2018/12/24,T1903.CFE,0.034033333,TF1903.CFE,0.032666667,13.67 
2018/12/25,T1903.CFE,0.0338,TF1903.CFE,0.032366667,14.33 
2018/12/26,T1903.CFE,0.033566667,TF1903.CFE,0.032166667,14.00 
2018/12/27,T1903.CFE,0.0334,TF1903.CFE,0.032066667,13.33 
2018/12/28,T1903.CFE,0.0329,TF1903.CFE,0.031466667,14.33 
2019/1/2,T1903.CFE,0.032433333,TF1903.CFE,0.031,14.33 
2019/1/3,T1903.CFE,0.0324,TF1903.CFE,0.031,14.00 
2019/1/4,T1903.CFE,0.032666667,TF1903.CFE,0.031166667,15.00 
2019/1/7,T1903.CFE,0.032633333,TF1903.CFE,0.031133333,15.00 
2019/1/8,T1903.CFE,0.032,TF1903.CFE,0.0304,16.00 
2019/1/9,T1903.CFE,0.0322,TF1903.CFE,0.030566667,16.33 
2019/1/10,T1903.CFE,0.0325,TF1903.CFE,0.0309,16.00 
2019/1/11,T1903.CFE,0.0325,TF1903.CFE,0.030866667,16.33 
2019/1/14,T1903.CFE,0.032766667,TF1903.CFE,0.0311,16.67 
2019/1/15,T1903.CFE,0.032866667,TF1903.CFE,0.031166667,17.00 
2019/1/16,T1903.CFE,0.0322,TF1903.CFE,0.0304,18.00 
2019/1/17,T1903.CFE,0.032066667,TF1903.CFE,0.0302,18.67 
2019/1/18,T1903.CFE,0.032366667,TF1903.CFE,0.0304,19.67 
2019/1/21,T1903.CFE,0.0326,TF1903.CFE,0.030666667,19.33 
2019/1/22,T1903.CFE,0.0325,TF1903.CFE,0.0305,20.00 
2019/1/23,T1903.CFE,0.0327,TF1903.CFE,0.030766667,19.33 
2019/1/24,T1903.CFE,0.032766667,TF1903.CFE,0.0308,19.67 
2019/1/25,T1903.CFE,0.0329,TF1903.CFE,0.030966667,19.33 
2019/1/28,T1903.CFE,0.0329,TF1903.CFE,0.0308,21.00 
2019/1/29,T1903.CFE,0.032666667,TF1903.CFE,0.0306,20.67 
2019/1/30,T1903.CFE,0.0326,TF1903.CFE,0.0305,21.00 
2019/1/31,T1903.CFE,0.032466667,TF1903.CFE,0.0303,21.67 
2019/2/1,T1903.CFE,0.032566667,TF1903.CFE,0.0304,21.67 
2019/2/11,T1903.CFE,0.0321,TF1903.CFE,0.0298,23.00 
2019/2/12,T1903.CFE,0.0322,TF1903.CFE,0.0299,23.00 
2019/2/13,T1903.CFE,0.032333333,TF1903.CFE,0.03,23.33 
2019/2/14,T1903.CFE,0.032633333,TF1903.CFE,0.0304,22.33 
2019/2/15,T1903.CFE,0.0325,TF1903.CFE,0.0302,23.00 
2019/2/18,T1903.CFE,0.032766667,TF1903.CFE,0.030566667,22.00 
2019/2/19,T1903.CFE,0.0325,TF1903.CFE,0.0304,21.00 
2019/2/20,T1906.CFE,0.032966667,TF1906.CFE,0.030833333,21.33 
2019/2/21,T1906.CFE,0.033,TF1906.CFE,0.030866667,21.33 
2019/2/22,T1906.CFE,0.0331,TF1906.CFE,0.031033333,20.67 
2019/2/25,T1906.CFE,0.033466667,TF1906.CFE,0.0316,18.67 
2019/2/26,T1906.CFE,0.033933333,TF1906.CFE,0.032266667,16.67 
2019/2/27,T1906.CFE,0.033566667,TF1906.CFE,0.031833333,17.33 
2019/2/28,T1906.CFE,0.0338,TF1906.CFE,0.032033333,17.67 
2019/3/1,T1906.CFE,0.033966667,TF1906.CFE,0.032266667,17.00 
2019/3/4,T1906.CFE,0.0337,TF1906.CFE,0.032,17.00 
2019/3/5,T1906.CFE,0.0336,TF1906.CFE,0.0319,17.00 
2019/3/6,T1906.CFE,0.0335,TF1906.CFE,0.0319,16.00 
2019/3/7,T1906.CFE,0.032966667,TF1906.CFE,0.031366667,16.00 
2019/3/8,T1906.CFE,0.0327,TF1906.CFE,0.030966667,17.33 
2019/3/11,T1906.CFE,0.032866667,TF1906.CFE,0.031133333,17.33 
2019/3/12,T1906.CFE,0.0328,TF1906.CFE,0.031033333,17.67 
2019/3/13,T1906.CFE,0.0328,TF1906.CFE,0.031133333,16.67 
2019/3/14,T1906.CFE,0.032966667,TF1906.CFE,0.0313,16.67 
2019/3/15,T1906.CFE,0.0329,TF1906.CFE,0.031266667,16.33 
2019/3/18,T1906.CFE,0.0331,TF1906.CFE,0.0315,16.00 
2019/3/19,T1906.CFE,0.033166667,TF1906.CFE,0.031633333,15.33 
2019/3/20,T1906.CFE,0.033233333,TF1906.CFE,0.0317,15.33 
2019/3/21,T1906.CFE,0.0329,TF1906.CFE,0.031333333,15.67 
2019/3/22,T1906.CFE,0.0328,TF1906.CFE,0.0312,16.00 
2019/3/25,T1906.CFE,0.0324,TF1906.CFE,0.0308,16.00 
2019/3/26,T1906.CFE,0.0323,TF1906.CFE,0.030666667,16.33 
2019/3/27,T1906.CFE,0.0325,TF1906.CFE,0.030833333,16.67 
2019/3/28,T1906.CFE,0.032466667,TF1906.CFE,0.030833333,16.33 
2019/3/29,T1906.CFE,0.0326,TF1906.CFE,0.030933333,16.67 
2019/4/1,T1906.CFE,0.033166667,TF1906.CFE,0.0316,15.67 
2019/4/2,T1906.CFE,0.0334,TF1906.CFE,0.031733333,16.67 
2019/4/3,T1906.CFE,0.034133333,TF1906.CFE,0.0325,16.33 
2019/4/4,T1906.CFE,0.034333333,TF1906.CFE,0.032833333,15.00 
2019/4/8,T1906.CFE,0.034166667,TF1906.CFE,0.032833333,13.33 
2019/4/9,T1906.CFE,0.034366667,TF1906.CFE,0.033033333,13.33 
2019/4/10,T1906.CFE,0.034266667,TF1906.CFE,0.033,12.67 
2019/4/11,T1906.CFE,0.033966667,TF1906.CFE,0.0326,13.67 
2019/4/12,T1906.CFE,0.034133333,TF1906.CFE,0.0326,15.33 
2019/4/15,T1906.CFE,0.0346,TF1906.CFE,0.033233333,13.67 
2019/4/16,T1906.CFE,0.0349,TF1906.CFE,0.0335,14.00 
2019/4/17,T1906.CFE,0.034566667,TF1906.CFE,0.033166667,14.00 
2019/4/18,T1906.CFE,0.034433333,TF1906.CFE,0.033,14.33 
2019/4/19,T1906.CFE,0.0345,TF1906.CFE,0.032966667,15.33 
2019/4/22,T1906.CFE,0.0347,TF1906.CFE,0.033233333,14.67 
2019/4/23,T1906.CFE,0.0346,TF1906.CFE,0.033133333,14.67 
2019/4/24,T1906.CFE,0.0351,TF1906.CFE,0.033566667,15.33 
2019/4/25,T1906.CFE,0.0348,TF1906.CFE,0.033233333,15.67 
2019/4/26,T1906.CFE,0.034566667,TF1906.CFE,0.033033333,15.33 
2019/4/29,T1906.CFE,0.034766667,TF1906.CFE,0.033266667,15.00 
2019/4/30,T1906.CFE,0.034266667,TF1906.CFE,0.032766667,15.00 
2019/5/6,T1906.CFE,0.033966667,TF1906.CFE,0.032366667,16.00 
2019/5/7,T1906.CFE,0.034033333,TF1906.CFE,0.032366667,16.67 
2019/5/8,T1906.CFE,0.033933333,TF1906.CFE,0.0323,16.33 
2019/5/9,T1906.CFE,0.033766667,TF1906.CFE,0.032166667,16.00 
2019/5/10,T1906.CFE,0.033666667,TF1906.CFE,0.032166667,15.00 
2019/5/13,T1906.CFE,0.0333,TF1906.CFE,0.031733333,15.67 
2019/5/14,T1906.CFE,0.033433333,TF1906.CFE,0.032,14.33 
2019/5/15,T1906.CFE,0.033366667,TF1906.CFE,0.0319,14.67 
2019/5/16,T1906.CFE,0.033366667,TF1906.CFE,0.031833333,15.33 
2019/5/17,T1906.CFE,0.0332,TF1906.CFE,0.031733333,14.67 
2019/5/20,T1906.CFE,0.0332,TF1906.CFE,0.0317,15.00 
2019/5/21,T1909.CFE,0.034333333,TF1909.CFE,0.032766667,15.67 
2019/5/22,T1909.CFE,0.0344,TF1909.CFE,0.032866667,15.33 
2019/5/23,T1909.CFE,0.034133333,TF1909.CFE,0.032533333,16.00 
2019/5/24,T1909.CFE,0.0341,TF1909.CFE,0.032466667,16.33 
2019/5/27,T1909.CFE,0.0348,TF1909.CFE,0.033266667,15.33 
2019/5/28,T1909.CFE,0.034466667,TF1909.CFE,0.032933333,15.33 
2019/5/29,T1909.CFE,0.034,TF1909.CFE,0.032433333,15.67 
2019/5/30,T1909.CFE,0.034,TF1909.CFE,0.032366667,16.33 
2019/5/31,T1909.CFE,0.033966667,TF1909.CFE,0.032333333,16.33 
2019/6/3,T1909.CFE,0.033566667,TF1909.CFE,0.031966667,16.00 
2019/6/4,T1909.CFE,0.0334,TF1909.CFE,0.031766667,16.33 
2019/6/5,T1909.CFE,0.033266667,TF1909.CFE,0.0317,15.67 
2019/6/6,T1909.CFE,0.0332,TF1909.CFE,0.031666667,15.33 
2019/6/10,T1909.CFE,0.0333,TF1909.CFE,0.0317,16.00 
2019/6/11,T1909.CFE,0.033666667,TF1909.CFE,0.032166667,15.00 
2019/6/12,T1909.CFE,0.033666667,TF1909.CFE,0.032066667,16.00 
2019/6/13,T1909.CFE,0.033366667,TF1909.CFE,0.031766667,16.00 
2019/6/14,T1909.CFE,0.0331,TF1909.CFE,0.0315,16.00 
2019/6/17,T1909.CFE,0.033,TF1909.CFE,0.0314,16.00 
2019/6/18,T1909.CFE,0.033266667,TF1909.CFE,0.031566667,17.00 
2019/6/19,T1909.CFE,0.033366667,TF1909.CFE,0.0316,17.67 
2019/6/20,T1909.CFE,0.033266667,TF1909.CFE,0.0315,17.67 
2019/6/21,T1909.CFE,0.0332,TF1909.CFE,0.0314,18.00 
2019/6/24,T1909.CFE,0.033466667,TF1909.CFE,0.031666667,18.00 
2019/6/25,T1909.CFE,0.0333,TF1909.CFE,0.031566667,17.33 
2019/6/26,T1909.CFE,0.0335,TF1909.CFE,0.031733333,17.67 
2019/6/27,T1909.CFE,0.033566667,TF1909.CFE,0.0318,17.67 
2019/6/28,T1909.CFE,0.0332,TF1909.CFE,0.031466667,17.33 
2019/7/1,T1909.CFE,0.033066667,TF1909.CFE,0.031366667,17.00 
2019/7/2,T1909.CFE,0.0325,TF1909.CFE,0.0309,16.00 
2019/7/3,T1909.CFE,0.0322,TF1909.CFE,0.0306,16.00 
2019/7/4,T1909.CFE,0.0323,TF1909.CFE,0.0306,17.00 
2019/7/5,T1909.CFE,0.032466667,TF1909.CFE,0.030833333,16.33 
2019/7/8,T1909.CFE,0.0326,TF1909.CFE,0.031033333,15.67 
2019/7/9,T1909.CFE,0.0324,TF1909.CFE,0.0308,16.00 
2019/7/10,T1909.CFE,0.0324,TF1909.CFE,0.0308,16.00 
2019/7/11,T1909.CFE,0.032366667,TF1909.CFE,0.030733333,16.33 
2019/7/12,T1909.CFE,0.0323,TF1909.CFE,0.030733333,15.67 
2019/7/15,T1909.CFE,0.0325,TF1909.CFE,0.0309,16.00 
2019/7/16,T1909.CFE,0.0325,TF1909.CFE,0.0309,16.00 
2019/7/17,T1909.CFE,0.032466667,TF1909.CFE,0.0308,16.67 
2019/7/18,T1909.CFE,0.0322,TF1909.CFE,0.0305,17.00 
2019/7/19,T1909.CFE,0.032266667,TF1909.CFE,0.0306,16.67 
2019/7/22,T1909.CFE,0.0321,TF1909.CFE,0.0304,17.00 
2019/7/23,T1909.CFE,0.0321,TF1909.CFE,0.0305,16.00 
2019/7/24,T1909.CFE,0.0323,TF1909.CFE,0.0307,16.00 
2019/7/25,T1909.CFE,0.0323,TF1909.CFE,0.0306,17.00 
2019/7/26,T1909.CFE,0.032266667,TF1909.CFE,0.0306,16.67 
2019/7/29,T1909.CFE,0.0325,TF1909.CFE,0.0308,17.00 
2019/7/30,T1909.CFE,0.0324,TF1909.CFE,0.0307,17.00 
2019/7/31,T1909.CFE,0.0321,TF1909.CFE,0.0304,17.00 
2019/8/1,T1909.CFE,0.032,TF1909.CFE,0.0304,16.00 
2019/8/2,T1909.CFE,0.031633333,TF1909.CFE,0.03,16.33 
2019/8/5,T1909.CFE,0.031233333,TF1909.CFE,0.0296,16.33 
2019/8/6,T1909.CFE,0.031166667,TF1909.CFE,0.029566667,16.00 
2019/8/7,T1909.CFE,0.031133333,TF1909.CFE,0.0296,15.33 
2019/8/8,T1909.CFE,0.0311,TF1909.CFE,0.029566667,15.33 
2019/8/9,T1909.CFE,0.0309,TF1909.CFE,0.029366667,15.33 
2019/8/12,T1909.CFE,0.031033333,TF1909.CFE,0.0294,16.33 
2019/8/13,T1909.CFE,0.030833333,TF1909.CFE,0.029233333,16.00 
2019/8/14,T1912.CFE,0.031233333,TF1912.CFE,0.0297,15.33 
2019/8/15,T1912.CFE,0.031266667,TF1912.CFE,0.029733333,15.33 
2019/8/16,T1912.CFE,0.031466667,TF1912.CFE,0.03,14.67 
2019/8/19,T1912.CFE,0.031366667,TF1912.CFE,0.0299,14.67 
2019/8/20,T1912.CFE,0.031366667,TF1912.CFE,0.0299,14.67 
2019/8/21,T1912.CFE,0.031666667,TF1912.CFE,0.0302,14.67 
2019/8/22,T1912.CFE,0.0316,TF1912.CFE,0.0301,15.00 
2019/8/23,T1912.CFE,0.0315,TF1912.CFE,0.03,15.00 
2019/8/26,T1912.CFE,0.031333333,TF1912.CFE,0.029833333,15.00 
2019/8/27,T1912.CFE,0.0314,TF1912.CFE,0.03,14.00 
2019/8/28,T1912.CFE,0.031366667,TF1912.CFE,0.0299,14.67 
2019/8/29,T1912.CFE,0.030866667,TF1912.CFE,0.0295,13.67 
2019/8/30,T1912.CFE,0.0313,TF1912.CFE,0.0299,14.00 
2019/9/2,T1912.CFE,0.0315,TF1912.CFE,0.0301,14.00 
2019/9/3,T1912.CFE,0.031566667,TF1912.CFE,0.030266667,13.00 
2019/9/4,T1912.CFE,0.031366667,TF1912.CFE,0.0301,12.67 
2019/9/5,T1912.CFE,0.031066667,TF1912.CFE,0.029633333,14.33 
2019/9/6,T1912.CFE,0.031,TF1912.CFE,0.0295,15.00 
2019/9/9,T1912.CFE,0.031166667,TF1912.CFE,0.0297,14.67 
2019/9/10,T1912.CFE,0.031333333,TF1912.CFE,0.0299,14.33 
2019/9/11,T1912.CFE,0.031466667,TF1912.CFE,0.0299,15.67 
2019/9/12,T1912.CFE,0.0319,TF1912.CFE,0.0303,16.00 
2019/9/16,T1912.CFE,0.0318,TF1912.CFE,0.0302,16.00 
2019/9/17,T1912.CFE,0.0319,TF1912.CFE,0.030366667,15.33 
2019/9/18,T1912.CFE,0.0321,TF1912.CFE,0.0305,16.00 
2019/9/19,T1912.CFE,0.032,TF1912.CFE,0.0304,16.00 
2019/9/20,T1912.CFE,0.0319,TF1912.CFE,0.030266667,16.33 
2019/9/23,T1912.CFE,0.0319,TF1912.CFE,0.030266667,16.33 
2019/9/24,T1912.CFE,0.032,TF1912.CFE,0.0304,16.00 
2019/9/25,T1912.CFE,0.0319,TF1912.CFE,0.0303,16.00 
2019/9/26,T1912.CFE,0.0322,TF1912.CFE,0.030533333,16.67 
2019/9/27,T1912.CFE,0.0324,TF1912.CFE,0.030766667,16.33 
2019/9/30,T1912.CFE,0.032266667,TF1912.CFE,0.030566667,17.00 
2019/10/8,T1912.CFE,0.031966667,TF1912.CFE,0.0303,16.67 
2019/10/9,T1912.CFE,0.032,TF1912.CFE,0.0303,17.00 
2019/10/10,T1912.CFE,0.0321,TF1912.CFE,0.0305,16.00 
2019/10/11,T1912.CFE,0.0324,TF1912.CFE,0.030766667,16.33 
2019/10/14,T1912.CFE,0.0323,TF1912.CFE,0.030733333,15.67 
2019/10/15,T1912.CFE,0.0323,TF1912.CFE,0.030666667,16.33 
2019/10/16,T1912.CFE,0.032366667,TF1912.CFE,0.030733333,16.33 
2019/10/17,T1912.CFE,0.032133333,TF1912.CFE,0.0305,16.33 
2019/10/18,T1912.CFE,0.0324,TF1912.CFE,0.030766667,16.33 
2019/10/21,T1912.CFE,0.032866667,TF1912.CFE,0.031133333,17.33 
2019/10/22,T1912.CFE,0.032866667,TF1912.CFE,0.031166667,17.00 
2019/10/23,T1912.CFE,0.0327,TF1912.CFE,0.031033333,16.67 
2019/10/24,T1912.CFE,0.0327,TF1912.CFE,0.030966667,17.33 
2019/10/25,T1912.CFE,0.032866667,TF1912.CFE,0.031066667,18.00 
2019/10/28,T1912.CFE,0.033166667,TF1912.CFE,0.031333333,18.33 
2019/10/29,T1912.CFE,0.033233333,TF1912.CFE,0.031433333,18.00 
2019/10/30,T1912.CFE,0.0337,TF1912.CFE,0.0319,18.00 
2019/10/31,T1912.CFE,0.033266667,TF1912.CFE,0.031533333,17.33 
2019/11/1,T1912.CFE,0.033066667,TF1912.CFE,0.0313,17.67 
2019/11/4,T1912.CFE,0.033233333,TF1912.CFE,0.031466667,17.67 
2019/11/5,T1912.CFE,0.0328,TF1912.CFE,0.031066667,17.33 
2019/11/6,T1912.CFE,0.032666667,TF1912.CFE,0.030966667,17.00 
2019/11/7,T1912.CFE,0.032766667,TF1912.CFE,0.030966667,18.00 
2019/11/8,T1912.CFE,0.032933333,TF1912.CFE,0.031166667,17.67 
2019/11/11,T1912.CFE,0.0326,TF1912.CFE,0.030833333,17.67 
2019/11/12,T1912.CFE,0.0327,TF1912.CFE,0.030933333,17.67 
2019/11/13,T1912.CFE,0.032566667,TF1912.CFE,0.030833333,17.33 
2019/11/14,T1912.CFE,0.032666667,TF1912.CFE,0.030933333,17.33 
2019/11/15,T1912.CFE,0.0325,TF1912.CFE,0.030766667,17.33 
2019/11/18,T1912.CFE,0.032,TF1912.CFE,0.0303,17.00 
2019/11/19,T1912.CFE,0.0319,TF1912.CFE,0.0301,18.00 
2019/11/20,T2003.CFE,0.0324,TF2003.CFE,0.0308,16.00 
2019/11/21,T2003.CFE,0.0324,TF2003.CFE,0.030666667,17.33 
2019/11/22,T2003.CFE,0.0324,TF2003.CFE,0.030633333,17.67 
2019/11/25,T2003.CFE,0.032666667,TF2003.CFE,0.030933333,17.33 
2019/11/26,T2003.CFE,0.032533333,TF2003.CFE,0.030833333,17.00 
2019/11/27,T2003.CFE,0.0325,TF2003.CFE,0.0308,17.00 
2019/11/28,T2003.CFE,0.032533333,TF2003.CFE,0.0308,17.33 
2019/11/29,T2003.CFE,0.0325,TF2003.CFE,0.030733333,17.67 
2019/12/2,T2003.CFE,0.032933333,TF2003.CFE,0.031133333,18.00 
2019/12/3,T2003.CFE,0.032866667,TF2003.CFE,0.031033333,18.33 
2019/12/4,T2003.CFE,0.032766667,TF2003.CFE,0.030833333,19.33 
2019/12/5,T2003.CFE,0.0327,TF2003.CFE,0.030733333,19.67 
2019/12/6,T2003.CFE,0.032933333,TF2003.CFE,0.031033333,19.00 
2019/12/9,T2003.CFE,0.033,TF2003.CFE,0.0311,19.00 
2019/12/10,T2003.CFE,0.032833333,TF2003.CFE,0.0309,19.33 
2019/12/11,T2003.CFE,0.032666667,TF2003.CFE,0.030766667,19.00 
2019/12/12,T2003.CFE,0.0326,TF2003.CFE,0.030633333,19.67 
2019/12/13,T2003.CFE,0.032833333,TF2003.CFE,0.030866667,19.67 
2019/12/16,T2003.CFE,0.032866667,TF2003.CFE,0.0309,19.67 
2019/12/17,T2003.CFE,0.0332,TF2003.CFE,0.031233333,19.67 
2019/12/18,T2003.CFE,0.033233333,TF2003.CFE,0.031233333,20.00 
2019/12/19,T2003.CFE,0.033166667,TF2003.CFE,0.031133333,20.33 
2019/12/20,T2003.CFE,0.032766667,TF2003.CFE,0.030733333,20.33 
2019/12/23,T2003.CFE,0.0326,TF2003.CFE,0.0305,21.00 
2019/12/24,T2003.CFE,0.032533333,TF2003.CFE,0.0304,21.33 
2019/12/25,T2003.CFE,0.032466667,TF2003.CFE,0.0303,21.67 
2019/12/26,T2003.CFE,0.0322,TF2003.CFE,0.030033333,21.67 
2019/12/27,T2003.CFE,0.0323,TF2003.CFE,0.0301,22.00 
2019/12/30,T2003.CFE,0.0323,TF2003.CFE,0.0302,21.00 
2019/12/31,T2003.CFE,0.032366667,TF2003.CFE,0.0301,22.67 
2020/1/2,T2003.CFE,0.0326,TF2003.CFE,0.0304,22.00 
2020/1/3,T2003.CFE,0.032566667,TF2003.CFE,0.0305,20.67 
2020/1/6,T2003.CFE,0.0323,TF2003.CFE,0.030133333,21.67 
2020/1/7,T2003.CFE,0.032533333,TF2003.CFE,0.030333333,22.00 
2020/1/8,T2003.CFE,0.032433333,TF2003.CFE,0.0302,22.33 
2020/1/9,T2003.CFE,0.0322,TF2003.CFE,0.0298,24.00 
2020/1/10,T2003.CFE,0.0319,TF2003.CFE,0.029566667,23.33 
2020/1/13,T2003.CFE,0.0319,TF2003.CFE,0.029566667,23.33 
2020/1/14,T2003.CFE,0.032,TF2003.CFE,0.0297,23.00 
2020/1/15,T2003.CFE,0.0319,TF2003.CFE,0.029566667,23.33 
2020/1/16,T2003.CFE,0.032,TF2003.CFE,0.029666667,23.33 
2020/1/17,T2003.CFE,0.0318,TF2003.CFE,0.029366667,24.33 
2020/1/20,T2003.CFE,0.031433333,TF2003.CFE,0.028866667,25.67 
2020/1/21,T2003.CFE,0.031066667,TF2003.CFE,0.028666667,24.00 
2020/1/22,T2003.CFE,0.031066667,TF2003.CFE,0.028766667,23.00 
2020/1/23,T2003.CFE,0.0305,TF2003.CFE,0.0283,22.00 
2020/2/3,T2003.CFE,0.0283,TF2003.CFE,0.0264,19.00 
2020/2/4,T2003.CFE,0.0286,TF2003.CFE,0.0266,20.00 
2020/2/5,T2003.CFE,0.0286,TF2003.CFE,0.0266,20.00 
2020/2/6,T2003.CFE,0.028566667,TF2003.CFE,0.0265,20.67 
2020/2/7,T2003.CFE,0.0281,TF2003.CFE,0.0261,20.00 
2020/2/10,T2003.CFE,0.0282,TF2003.CFE,0.0261,21.00 
2020/2/11,T2003.CFE,0.0287,TF2003.CFE,0.0264,23.00 
2020/2/12,T2003.CFE,0.0287,TF2003.CFE,0.0262,25.00 
2020/2/13,T2003.CFE,0.0286,TF2003.CFE,0.026166667,24.33 
2020/2/14,T2003.CFE,0.0291,TF2003.CFE,0.026533333,25.67 
2020/2/17,T2003.CFE,0.0295,TF2003.CFE,0.0268,27.00 
2020/2/18,T2003.CFE,0.028966667,TF2003.CFE,0.026466667,25.00 
2020/2/19,T2006.CFE,0.0298,TF2006.CFE,0.027633333,21.67 
2020/2/20,T2006.CFE,0.0302,TF2006.CFE,0.028033333,21.67 
2020/2/21,T2006.CFE,0.0296,TF2006.CFE,0.027533333,20.67 
2020/2/24,T2006.CFE,0.0292,TF2006.CFE,0.0271,21.00 
2020/2/25,T2006.CFE,0.0293,TF2006.CFE,0.027133333,21.67 
2020/2/26,T2006.CFE,0.029333333,TF2006.CFE,0.0272,21.33 
2020/2/27,T2006.CFE,0.028866667,TF2006.CFE,0.0267,21.67 
2020/2/28,T2006.CFE,0.0283,TF2006.CFE,0.026366667,19.33 
2020/3/2,T2006.CFE,0.028533333,TF2006.CFE,0.0265,20.33 
2020/3/3,T2006.CFE,0.028633333,TF2006.CFE,0.026533333,21.00 
2020/3/4,T2006.CFE,0.028033333,TF2006.CFE,0.025833333,22.00 
2020/3/5,T2006.CFE,0.028033333,TF2006.CFE,0.0258,22.33 
2020/3/6,T2006.CFE,0.027566667,TF2006.CFE,0.0253,22.67 
2020/3/9,T2006.CFE,0.0267,TF2006.CFE,0.0247,20.00 
2020/3/10,T2006.CFE,0.027866667,TF2006.CFE,0.025766667,21.00 
2020/3/11,T2006.CFE,0.027566667,TF2006.CFE,0.0255,20.67 
2020/3/12,T2006.CFE,0.027533333,TF2006.CFE,0.0254,21.33 
2020/3/13,T2006.CFE,0.028233333,TF2006.CFE,0.0259,23.33 
2020/3/16,T2006.CFE,0.028333333,TF2006.CFE,0.026033333,23.00 
2020/3/17,T2006.CFE,0.028766667,TF2006.CFE,0.0263,24.67 
2020/3/18,T2006.CFE,0.028266667,TF2006.CFE,0.0259,23.67 
2020/3/19,T2006.CFE,0.028933333,TF2006.CFE,0.0263,26.33 
2020/3/20,T2006.CFE,0.028633333,TF2006.CFE,0.0259,27.33 
2020/3/23,T2006.CFE,0.027833333,TF2006.CFE,0.0252,26.33 
2020/3/24,T2006.CFE,0.027633333,TF2006.CFE,0.0248,28.33 
2020/3/25,T2006.CFE,0.0274,TF2006.CFE,0.024566667,28.33 
2020/3/26,T2006.CFE,0.027033333,TF2006.CFE,0.024233333,28.00 
2020/3/27,T2006.CFE,0.027366667,TF2006.CFE,0.024633333,27.33 
2020/3/30,T2006.CFE,0.0273,TF2006.CFE,0.0241,32.00 
2020/3/31,T2006.CFE,0.0269,TF2006.CFE,0.023733333,31.67 
2020/4/1,T2006.CFE,0.0265,TF2006.CFE,0.023633333,28.67 
2020/4/2,T2006.CFE,0.0269,TF2006.CFE,0.024,29.00 
2020/4/3,T2006.CFE,0.027366667,TF2006.CFE,0.024166667,32.00 
2020/4/7,T2006.CFE,0.0261,TF2006.CFE,0.021833333,42.67 
2020/4/8,T2006.CFE,0.0258,TF2006.CFE,0.0212,46.00 
2020/4/9,T2006.CFE,0.026133333,TF2006.CFE,0.021233333,49.00 
2020/4/10,T2006.CFE,0.026433333,TF2006.CFE,0.0219,45.33 
2020/4/13,T2006.CFE,0.026233333,TF2006.CFE,0.0216,46.33 
2020/4/14,T2006.CFE,0.0263,TF2006.CFE,0.021366667,49.33 
2020/4/15,T2006.CFE,0.0259,TF2006.CFE,0.020633333,52.67 
2020/4/16,T2006.CFE,0.0257,TF2006.CFE,0.020866667,48.33 
2020/4/17,T2006.CFE,0.026,TF2006.CFE,0.021,50.00 
2020/4/20,T2006.CFE,0.0265,TF2006.CFE,0.021066667,54.33 
2020/4/21,T2006.CFE,0.0264,TF2006.CFE,0.020533333,58.67 
2020/4/22,T2006.CFE,0.0259,TF2006.CFE,0.019433333,64.67 
2020/4/23,T2006.CFE,0.024833333,TF2006.CFE,0.019,58.33 
2020/4/24,T2006.CFE,0.0247,TF2006.CFE,0.019233333,54.67 
2020/4/27,T2006.CFE,0.0249,TF2006.CFE,0.0191,58.00 
2020/4/28,T2006.CFE,0.024633333,TF2006.CFE,0.0185,61.33 
2020/4/29,T2006.CFE,0.0244,TF2006.CFE,0.0177,67.00 
2020/4/30,T2006.CFE,0.025033333,TF2006.CFE,0.0179,71.33 
2020/5/6,T2006.CFE,0.0256,TF2006.CFE,0.0183,73.00 
2020/5/7,T2006.CFE,0.0263,TF2006.CFE,0.019566667,67.33 
2020/5/8,T2006.CFE,0.0264,TF2006.CFE,0.019533333,68.67 
2020/5/11,T2006.CFE,0.0272,TF2006.CFE,0.0204,68.00 
2020/5/12,T2006.CFE,0.0268,TF2006.CFE,0.020233333,65.67 
2020/5/13,T2006.CFE,0.027233333,TF2006.CFE,0.020233333,70.00 
2020/5/14,T2006.CFE,0.027266667,TF2006.CFE,0.020033333,72.33 
2020/5/15,T2009.CFE,0.0281,TF2009.CFE,0.020933333,71.67 
2020/5/18,T2009.CFE,0.029,TF2009.CFE,0.022033333,69.67 
2020/5/19,T2009.CFE,0.0287,TF2009.CFE,0.0224,63.00 
2020/5/20,T2009.CFE,0.028333333,TF2009.CFE,0.022833333,55.00 
2020/5/21,T2009.CFE,0.028166667,TF2009.CFE,0.022933333,52.33 
2020/5/22,T2009.CFE,0.027366667,TF2009.CFE,0.0218,55.67 
2020/5/25,T2009.CFE,0.027966667,TF2009.CFE,0.022766667,52.00 
2020/5/26,T2009.CFE,0.0286,TF2009.CFE,0.0238,48.00 
2020/5/27,T2009.CFE,0.028566667,TF2009.CFE,0.0245,40.67 
2020/5/28,T2009.CFE,0.027966667,TF2009.CFE,0.0237,42.67 
2020/5/29,T2009.CFE,0.028266667,TF2009.CFE,0.0237,45.67 
2020/6/1,T2009.CFE,0.0287,TF2009.CFE,0.0239,48.00 
2020/6/2,T2009.CFE,0.0292,TF2009.CFE,0.025066667,41.33 
2020/6/3,T2009.CFE,0.0295,TF2009.CFE,0.025233333,42.67 
2020/6/4,T2009.CFE,0.0298,TF2009.CFE,0.025866667,39.33 
2020/6/5,T2009.CFE,0.0302,TF2009.CFE,0.0264,38.00 
2020/6/8,T2009.CFE,0.0297,TF2009.CFE,0.026,37.00 
2020/6/9,T2009.CFE,0.0298,TF2009.CFE,0.025666667,41.33 
2020/6/10,T2009.CFE,0.0299,TF2009.CFE,0.026033333,38.67 
2020/6/11,T2009.CFE,0.029233333,TF2009.CFE,0.025666667,35.67 
2020/6/12,T2009.CFE,0.0289,TF2009.CFE,0.025266667,36.33 
2020/6/15,T2009.CFE,0.028466667,TF2009.CFE,0.024866667,36.00 
2020/6/16,T2009.CFE,0.0297,TF2009.CFE,0.026166667,35.33 
2020/6/17,T2009.CFE,0.0298,TF2009.CFE,0.0266,32.00 
2020/6/18,T2009.CFE,0.029733333,TF2009.CFE,0.0266,31.33 
2020/6/19,T2009.CFE,0.0298,TF2009.CFE,0.0268,30.00 
2020/6/22,T2009.CFE,0.0299,TF2009.CFE,0.026633333,32.67 
2020/6/23,T2009.CFE,0.0302,TF2009.CFE,0.0271,31.00 
2020/6/24,T2009.CFE,0.0297,TF2009.CFE,0.026033333,36.67 
2020/6/29,T2009.CFE,0.0296,TF2009.CFE,0.0258,38.00 
2020/6/30,T2009.CFE,0.0295,TF2009.CFE,0.025833333,36.67 
2020/7/1,T2009.CFE,0.0296,TF2009.CFE,0.025933333,36.67 
2020/7/2,T2009.CFE,0.0295,TF2009.CFE,0.025766667,37.33 
2020/7/3,T2009.CFE,0.03,TF2009.CFE,0.026,40.00 
2020/7/6,T2009.CFE,0.0311,TF2009.CFE,0.0282,29.00 
2020/7/7,T2009.CFE,0.0312,TF2009.CFE,0.028466667,27.33 
2020/7/8,T2009.CFE,0.0318,TF2009.CFE,0.029266667,25.33 
2020/7/9,T2009.CFE,0.0318,TF2009.CFE,0.0295,23.00 
2020/7/10,T2009.CFE,0.031666667,TF2009.CFE,0.029,26.67 
2020/7/13,T2009.CFE,0.0319,TF2009.CFE,0.0296,23.00 
2020/7/14,T2009.CFE,0.031666667,TF2009.CFE,0.029066667,26.00 
2020/7/15,T2009.CFE,0.0312,TF2009.CFE,0.028433333,27.67 
2020/7/16,T2009.CFE,0.0309,TF2009.CFE,0.0279,30.00 
2020/7/17,T2009.CFE,0.031,TF2009.CFE,0.028066667,29.33 
2020/7/20,T2009.CFE,0.031,TF2009.CFE,0.027866667,31.33 
2020/7/21,T2009.CFE,0.0308,TF2009.CFE,0.0273,35.00 
2020/7/22,T2009.CFE,0.0304,TF2009.CFE,0.0268,36.00 
2020/7/23,T2009.CFE,0.0303,TF2009.CFE,0.0269,34.00 
2020/7/24,T2009.CFE,0.03,TF2009.CFE,0.0266,34.00 
2020/7/27,T2009.CFE,0.0302,TF2009.CFE,0.0268,34.00 
2020/7/28,T2009.CFE,0.0306,TF2009.CFE,0.027366667,32.33 
2020/7/29,T2009.CFE,0.0309,TF2009.CFE,0.0277,32.00 
2020/7/30,T2009.CFE,0.031,TF2009.CFE,0.0277,33.00 
2020/7/31,T2009.CFE,0.031366667,TF2009.CFE,0.028166667,32.00 
2020/8/3,T2009.CFE,0.0311,TF2009.CFE,0.0275,36.00 
2020/8/4,T2009.CFE,0.031,TF2009.CFE,0.027866667,31.33 
2020/8/5,T2009.CFE,0.0312,TF2009.CFE,0.028433333,27.67 
2020/8/6,T2009.CFE,0.0313,TF2009.CFE,0.028833333,24.67 
2020/8/7,T2009.CFE,0.0314,TF2009.CFE,0.028866667,25.33 
2020/8/10,T2009.CFE,0.030966667,TF2009.CFE,0.028266667,27.00 
2020/8/11,T2009.CFE,0.031,TF2009.CFE,0.028566667,24.33 
2020/8/12,T2009.CFE,0.031,TF2009.CFE,0.028533333,24.67 
2020/8/13,T2009.CFE,0.0307,TF2009.CFE,0.028266667,24.33 
2020/8/14,T2009.CFE,0.0306,TF2009.CFE,0.028066667,25.33 
2020/8/17,T2009.CFE,0.0306,TF2009.CFE,0.0278,28.00 
2020/8/18,T2009.CFE,0.0308,TF2009.CFE,0.028066667,27.33 
2020/8/19,T2009.CFE,0.0311,TF2009.CFE,0.028566667,25.33 
2020/8/20,T2012.CFE,0.032233333,TF2012.CFE,0.0301,21.33 
2020/8/21,T2012.CFE,0.031966667,TF2012.CFE,0.0298,21.67 
2020/8/24,T2012.CFE,0.032033333,TF2012.CFE,0.0298,22.33 
2020/8/25,T2012.CFE,0.0326,TF2012.CFE,0.0304,22.00 
2020/8/26,T2012.CFE,0.032766667,TF2012.CFE,0.030666667,21.00 
2020/8/27,T2012.CFE,0.032666667,TF2012.CFE,0.0307,19.67 
2020/8/28,T2012.CFE,0.032866667,TF2012.CFE,0.030933333,19.33 
2020/8/31,T2012.CFE,0.032466667,TF2012.CFE,0.0304,20.67 
2020/9/1,T2012.CFE,0.032566667,TF2012.CFE,0.030533333,20.33 
2020/9/2,T2012.CFE,0.032866667,TF2012.CFE,0.0311,17.67 
2020/9/3,T2012.CFE,0.032766667,TF2012.CFE,0.0312,15.67 
2020/9/4,T2012.CFE,0.032866667,TF2012.CFE,0.031333333,15.33 
2020/9/7,T2012.CFE,0.033066667,TF2012.CFE,0.0315,15.67 
2020/9/8,T2012.CFE,0.0326,TF2012.CFE,0.0311,15.00 
2020/9/9,T2012.CFE,0.032233333,TF2012.CFE,0.0305,17.33 
2020/9/10,T2012.CFE,0.032066667,TF2012.CFE,0.0301,19.67 
2020/9/11,T2012.CFE,0.032566667,TF2012.CFE,0.0306,19.67 
2020/9/14,T2012.CFE,0.032966667,TF2012.CFE,0.030833333,21.33 
2020/9/15,T2012.CFE,0.032466667,TF2012.CFE,0.03,24.67 
2020/9/16,T2012.CFE,0.032466667,TF2012.CFE,0.03,24.67 
2020/9/17,T2012.CFE,0.032666667,TF2012.CFE,0.030266667,24.00 
2020/9/18,T2012.CFE,0.0327,TF2012.CFE,0.0302,25.00 
2020/9/21,T2012.CFE,0.032233333,TF2012.CFE,0.0295,27.33 
2020/9/22,T2012.CFE,0.031833333,TF2012.CFE,0.029233333,26.00 
2020/9/23,T2012.CFE,0.032033333,TF2012.CFE,0.0294,26.33 
2020/9/24,T2012.CFE,0.032066667,TF2012.CFE,0.0297,23.67 
2020/9/25,T2012.CFE,0.032333333,TF2012.CFE,0.0301,22.33 
2020/9/28,T2012.CFE,0.0322,TF2012.CFE,0.03,22.00 
2020/9/29,T2012.CFE,0.032466667,TF2012.CFE,0.0303,21.67 
2020/9/30,T2012.CFE,0.032766667,TF2012.CFE,0.030766667,20.00 
2020/10/9,T2012.CFE,0.033133333,TF2012.CFE,0.031233333,19.00 
2020/10/12,T2012.CFE,0.032966667,TF2012.CFE,0.031,19.67 
2020/10/13,T2012.CFE,0.033066667,TF2012.CFE,0.031033333,20.33 
2020/10/14,T2012.CFE,0.0332,TF2012.CFE,0.0313,19.00 
2020/10/15,T2012.CFE,0.033266667,TF2012.CFE,0.031533333,17.33 
2020/10/16,T2012.CFE,0.033166667,TF2012.CFE,0.0314,17.67 
2020/10/19,T2012.CFE,0.032766667,TF2012.CFE,0.0309,18.67 
2020/10/20,T2012.CFE,0.0327,TF2012.CFE,0.030866667,18.33 
2020/10/21,T2012.CFE,0.032766667,TF2012.CFE,0.030733333,20.33 
2020/10/22,T2012.CFE,0.032366667,TF2012.CFE,0.0302,21.67 
2020/10/23,T2012.CFE,0.0325,TF2012.CFE,0.030366667,21.33 
2020/10/26,T2012.CFE,0.0325,TF2012.CFE,0.030466667,20.33 
2020/10/27,T2012.CFE,0.032233333,TF2012.CFE,0.0303,19.33 
2020/10/28,T2012.CFE,0.032366667,TF2012.CFE,0.030366667,20.00 
2020/10/29,T2012.CFE,0.032466667,TF2012.CFE,0.0304,20.67 
2020/10/30,T2012.CFE,0.032333333,TF2012.CFE,0.0303,20.33 
2020/11/2,T2012.CFE,0.032166667,TF2012.CFE,0.0301,20.67 
2020/11/3,T2012.CFE,0.032133333,TF2012.CFE,0.0301,20.33 
2020/11/4,T2012.CFE,0.032,TF2012.CFE,0.0301,19.00 
2020/11/5,T2012.CFE,0.032133333,TF2012.CFE,0.030366667,17.67 
2020/11/6,T2012.CFE,0.032366667,TF2012.CFE,0.030766667,16.00 
2020/11/9,T2012.CFE,0.032666667,TF2012.CFE,0.031,16.67 
2020/11/10,T2012.CFE,0.032533333,TF2012.CFE,0.0307,18.33 
2020/11/11,T2012.CFE,0.0326,TF2012.CFE,0.0308,18.00 
2020/11/12,T2012.CFE,0.032666667,TF2012.CFE,0.030966667,17.00 
2020/11/13,T2012.CFE,0.032966667,TF2012.CFE,0.0316,13.67 
2020/11/16,T2012.CFE,0.032966667,TF2012.CFE,0.0315,14.67 
