DATE_ID,R_2,R_5,R_10
2007/12/14,3.93,4.2099,4.5473
2007/12/17,3.94,4.2101,4.565
2007/12/18,3.9504,4.212,4.5516
2007/12/19,3.9539,4.2086,4.5359
2007/12/20,3.9481,4.2178,4.5438
2007/12/21,3.9324,4.2123,4.5649
2007/12/24,3.9008,4.2125,4.545
2007/12/25,3.8534,4.2022,4.5199
2007/12/26,3.8515,4.2206,4.5143
2007/12/27,3.8584,4.2316,4.4999
2007/12/28,3.913,4.2531,4.5214
2008/1/2,3.9579,4.2781,4.497
2008/1/3,3.9486,4.2833,4.4882
2008/1/4,3.8975,4.2485,4.4893
2008/1/7,3.8757,4.23,4.4861
2008/1/8,3.8515,4.2015,4.4828
2008/1/9,3.8713,4.2228,4.4828
2008/1/10,3.8791,4.2356,4.4738
2008/1/11,3.8452,4.2416,4.4733
2008/1/14,3.8159,4.2181,4.4718
2008/1/15,3.7805,4.1967,4.4886
2008/1/16,3.8332,4.2432,4.487
2008/1/17,3.8269,4.2514,4.4944
2008/1/18,3.8422,4.2542,4.4656
2008/1/21,3.8362,4.2191,4.4329
2008/1/22,3.8206,4.1991,4.4259
2008/1/23,3.8243,4.1996,4.4085
2008/1/24,3.8213,4.1783,4.389
2008/1/25,3.8082,4.1433,4.3686
2008/1/28,3.7706,4.0849,4.3518
2008/1/29,3.7371,4.0581,4.3308
2008/1/30,3.7531,4.0679,4.3194
2008/1/31,3.7392,4.075,4.3174
2008/2/1,3.7062,4.0283,4.2853
2008/2/4,3.5981,3.8897,4.1862
2008/2/5,3.5834,3.8912,4.1307
2008/2/13,3.5624,3.903,4.1554
2008/2/14,3.5555,3.8953,4.156
2008/2/15,3.5564,3.8932,4.1642
2008/2/18,3.5689,3.8854,4.1485
2008/2/19,3.5828,3.9008,4.1582
2008/2/20,3.5807,3.9096,4.1911
2008/2/21,3.5962,3.8997,4.197
2008/2/22,3.5911,3.8903,4.195
2008/2/25,3.6092,3.8933,4.1723
2008/2/26,3.6119,3.8987,4.1883
2008/2/27,3.6174,3.9095,4.2082
2008/2/28,3.6249,3.9172,4.2079
2008/2/29,3.6214,3.9207,4.1907
2008/3/3,3.6213,3.9181,4.1691
2008/3/4,3.6145,3.9143,4.1743
2008/3/5,3.6248,3.9226,4.2044
2008/3/6,3.6261,3.9305,4.2059
2008/3/7,3.6194,3.9267,4.2114
2008/3/10,3.6199,3.9306,4.2001
2008/3/11,3.6354,3.9358,4.2282
2008/3/12,3.6405,3.9493,4.2273
2008/3/13,3.6502,3.9574,4.2203
2008/3/14,3.6451,3.9659,4.1829
2008/3/17,3.6581,3.9717,4.1748
2008/3/18,3.6413,3.9547,4.1717
2008/3/19,3.6245,3.9491,4.2156
2008/3/20,3.6184,3.9371,4.2131
2008/3/21,3.5978,3.9423,4.2011
2008/3/24,3.5869,3.9366,4.1323
2008/3/25,3.5577,3.9066,4.1461
2008/3/26,3.536,3.8831,4.1306
2008/3/27,3.5128,3.8673,4.0818
2008/3/28,3.5062,3.855,4.0999
2008/3/31,3.5138,3.845,4.1027
2008/4/1,3.5122,3.8293,4.0983
2008/4/2,3.519,3.84,4.0771
2008/4/3,3.5183,3.8309,4.0875
2008/4/7,3.5408,3.8354,4.1474
2008/4/8,3.553,3.8302,4.1302
2008/4/9,3.5597,3.8505,4.1015
2008/4/10,3.5613,3.8483,4.0938
2008/4/11,3.5568,3.8509,4.081
2008/4/14,3.5402,3.8324,4.0788
2008/4/15,3.5101,3.8077,4.0997
2008/4/16,3.5107,3.8054,4.0997
2008/4/17,3.5091,3.81,4.1052
2008/4/18,3.5101,3.8098,4.0955
2008/4/21,3.5096,3.8107,4.1035
2008/4/22,3.5025,3.7922,4.1176
2008/4/23,3.5069,3.7915,4.1211
2008/4/24,3.5023,3.8088,4.1251
2008/4/25,3.5109,3.8196,4.1185
2008/4/28,3.5192,3.8239,4.1236
2008/4/29,3.5226,3.817,4.1444
2008/4/30,3.5266,3.8163,4.1436
2008/5/5,3.4982,3.8206,4.1462
2008/5/6,3.4905,3.8468,4.1759
2008/5/7,3.5146,3.8406,4.1644
2008/5/8,3.5432,3.865,4.1858
2008/5/9,3.5496,3.8734,4.1853
2008/5/12,3.5495,3.8952,4.2019
2008/5/13,3.5414,3.8816,4.2023
2008/5/14,3.5454,3.8871,4.2029
2008/5/15,3.5591,3.8775,4.1956
2008/5/16,3.5852,3.9027,4.1974
2008/5/19,3.5842,3.932,4.2252
2008/5/20,3.5938,3.9419,4.2283
2008/5/21,3.5842,3.9463,4.2273
2008/5/22,3.575,3.9115,4.2049
2008/5/23,3.5715,3.9092,4.2027
2008/5/26,3.5852,3.925,4.2207
2008/5/27,3.5951,3.923,4.2118
2008/5/28,3.5857,3.9136,4.2039
2008/5/29,3.5944,3.911,4.1896
2008/5/30,3.5864,3.9076,4.1965
2008/6/2,3.5964,3.9106,4.2237
2008/6/3,3.5717,3.8943,4.2202
2008/6/4,3.5806,3.896,4.2099
2008/6/5,3.5631,3.8793,4.1887
2008/6/6,3.5966,3.8894,4.1948
2008/6/10,3.6057,3.9027,4.2167
2008/6/11,3.6329,3.9485,4.2483
2008/6/12,3.659,3.9857,4.2925
2008/6/13,3.6731,4.0121,4.3273
2008/6/16,3.6728,4.0229,4.354
2008/6/17,3.6655,4.0162,4.35
2008/6/18,3.6551,4.0137,4.3499
2008/6/19,3.6358,4.0075,4.3485
2008/6/20,3.6369,4.0236,4.3507
2008/6/23,3.6429,4.0421,4.3844
2008/6/24,3.6656,4.0637,4.3992
2008/6/25,3.6506,4.0525,4.3805
2008/6/26,3.654,4.0647,4.3891
2008/6/27,3.6787,4.0984,4.4191
2008/6/30,3.7424,4.1748,4.4861
2008/7/1,3.7943,4.1882,4.502
2008/7/2,3.7982,4.2078,4.5066
2008/7/3,3.789,4.1958,4.5173
2008/7/4,3.7767,4.2229,4.5465
2008/7/7,3.7893,4.2137,4.5449
2008/7/8,3.7974,4.2232,4.5295
2008/7/9,3.7987,4.204,4.5298
2008/7/10,3.7979,4.1972,4.5088
2008/7/11,3.7685,4.1597,4.5207
2008/7/14,3.7507,4.1557,4.4863
2008/7/15,3.7346,4.1375,4.4807
2008/7/16,3.7417,4.1464,4.4848
2008/7/17,3.7631,4.1447,4.4718
2008/7/18,3.7681,4.1532,4.4749
2008/7/21,3.7797,4.1579,4.4724
2008/7/22,3.781,4.1501,4.5193
2008/7/23,3.7794,4.151,4.5135
2008/7/24,3.7674,4.1547,4.4943
2008/7/25,3.7681,4.1559,4.4925
2008/7/28,3.7804,4.1559,4.496
2008/7/29,3.7843,4.1535,4.5211
2008/7/30,3.7856,4.1493,4.5201
2008/7/31,3.7892,4.1441,4.521
2008/8/1,3.7979,4.1407,4.5297
2008/8/4,3.8195,4.1443,4.5306
2008/8/5,3.8293,4.1537,4.5279
2008/8/6,3.8266,4.1655,4.4811
2008/8/7,3.8152,4.1692,4.4798
2008/8/8,3.8002,4.1717,4.4874
2008/8/11,3.7973,4.1702,4.5295
2008/8/12,3.7944,4.1726,4.5418
2008/8/13,3.7919,4.1699,4.5372
2008/8/14,3.7911,4.1653,4.5398
2008/8/15,3.7877,4.158,4.5282
2008/8/18,3.7837,4.1424,4.5336
2008/8/19,3.7825,4.1344,4.5125
2008/8/20,3.7802,4.1291,4.4982
2008/8/21,3.7551,4.1244,4.4641
2008/8/22,3.7329,4.1068,4.4494
2008/8/25,3.7141,4.092,4.4407
2008/8/26,3.7193,4.0827,4.4263
2008/8/27,3.7243,4.0724,4.404
2008/8/28,3.7283,4.0555,4.3784
2008/8/29,3.7145,4.0389,4.3466
2008/9/1,3.6899,4.0108,4.3111
2008/9/2,3.6752,3.982,4.2791
2008/9/3,3.6585,3.9629,4.2538
2008/9/4,3.656,3.9612,4.2309
2008/9/5,3.6506,3.9595,4.2288
2008/9/8,3.6439,3.9613,4.2362
2008/9/9,3.6299,3.9529,4.2302
2008/9/10,3.6188,3.9333,4.2129
2008/9/11,3.6106,3.9032,4.18
2008/9/12,3.5782,3.8691,4.1375
2008/9/16,3.4834,3.7646,4.0652
2008/9/17,3.3654,3.602,3.9312
2008/9/18,3.2552,3.4944,3.799
2008/9/19,3.2778,3.447,3.7839
2008/9/22,3.3415,3.5103,3.7765
2008/9/23,3.3779,3.5805,3.7938
2008/9/24,3.4048,3.6272,3.7772
2008/9/25,3.4159,3.6341,3.8162
2008/9/26,3.4079,3.6149,3.787
2008/10/6,3.3555,3.5603,3.8139
2008/10/7,3.3798,3.5317,3.7496
2008/10/8,3.333,3.4628,3.6758
2008/10/9,3.147,3.2687,3.5157
2008/10/10,2.9546,3.1015,3.3544
2008/10/13,2.8397,2.9663,3.2145
2008/10/14,2.7981,2.9819,3.2249
2008/10/15,2.7972,3.0059,3.2158
2008/10/16,2.7914,3.0305,3.2327
2008/10/17,2.766,3.0124,3.2552
2008/10/20,2.7741,3.0142,3.2718
2008/10/21,2.7843,3.0229,3.2766
2008/10/22,2.8004,3.0218,3.2636
2008/10/23,2.806,3.0014,3.3127
2008/10/24,2.783,3.0362,3.3015
2008/10/27,2.7989,2.9919,3.3261
2008/10/28,2.7685,2.9785,3.2575
2008/10/29,2.7745,2.9386,3.2068
2008/10/30,2.7184,2.9296,3.1633
2008/10/31,2.6888,2.9162,3.1544
2008/11/3,2.6317,2.8859,3.1593
2008/11/4,2.6069,2.8706,3.1634
2008/11/5,2.5973,2.8394,3.1552
2008/11/6,2.5589,2.802,3.1375
2008/11/7,2.5125,2.7553,3.1129
2008/11/10,2.4632,2.6994,3.0902
2008/11/11,2.4343,2.6554,3.064
2008/11/12,2.4032,2.6159,3.0227
2008/11/13,2.364,2.5729,2.9975
2008/11/14,2.3299,2.5373,2.9722
2008/11/17,2.3119,2.5397,2.9914
2008/11/18,2.2758,2.5966,3.0604
2008/11/19,2.2683,2.6004,3.0793
2008/11/20,2.2794,2.6521,3.1404
2008/11/21,2.2546,2.6488,3.1699
2008/11/24,2.2571,2.6451,3.1573
2008/11/25,2.2793,2.6719,3.1709
2008/11/26,2.285,2.6971,3.2604
2008/11/27,1.9901,2.4371,3.1545
2008/11/28,2.0208,2.5132,3.1648
2008/12/1,2.07,2.5003,3.1442
2008/12/2,1.9718,2.4844,3.2276
2008/12/3,1.9316,2.4369,3.15
2008/12/4,1.8108,2.4061,3.2114
2008/12/5,1.6778,2.294,3.0992
2008/12/8,1.5821,2.2588,3.0779
2008/12/9,1.5838,2.2765,3.1025
2008/12/10,1.5405,2.2814,3.1387
2008/12/11,1.551,2.2552,3.1035
2008/12/12,1.525,2.217,3.0561
2008/12/15,1.4699,2.1793,3.0231
2008/12/16,1.4492,2.2031,3.0693
2008/12/17,1.3034,2.077,2.9439
2008/12/18,1.2511,2.0793,2.9696
2008/12/19,1.1977,2.0121,2.8943
2008/12/22,1.1446,1.9954,2.8872
2008/12/23,1.1561,2.0215,2.9137
2008/12/24,0.926,1.9767,2.9288
2008/12/25,1.1338,2.0608,2.9962
2008/12/26,1.1363,1.9905,2.8908
2008/12/29,1.1774,1.9507,2.8241
2008/12/30,1.0906,2.0064,2.92
2008/12/31,1.128,1.9764,2.8754
2009/1/5,0.9116,1.9561,2.9098
2009/1/6,1.0917,2.0008,2.9095
2009/1/7,1.0857,1.977,2.8881
2009/1/8,0.9362,1.9912,2.9418
2009/1/9,1.0945,1.9823,2.8906
2009/1/12,1.0053,1.9832,2.9144
2009/1/13,1.0392,1.9489,2.8699
2009/1/14,1.1334,2.0063,2.9165
2009/1/15,1.2473,2.1194,3.0004
2009/1/16,1.317,2.1722,3.068
2009/1/19,1.3426,2.173,3.0623
2009/1/20,1.4513,2.2655,3.121
2009/1/21,1.579,2.4459,3.2175
2009/1/22,1.4691,2.3357,3.1977
2009/1/23,1.4252,2.2912,3.1633
2009/2/2,1.4361,2.2974,3.1689
2009/2/3,1.5099,2.4009,3.2547
2009/2/4,1.611,2.4716,3.3067
2009/2/5,1.7143,2.61,3.4005
2009/2/6,1.6768,2.5316,3.3836
2009/2/9,1.6452,2.5146,3.3547
2009/2/10,1.6625,2.5463,3.3222
2009/2/11,1.5963,2.4504,3.3449
2009/2/12,1.5562,2.4173,3.2875
2009/2/13,1.5531,2.426,3.2987
2009/2/16,1.5495,2.3968,3.2693
2009/2/17,1.5684,2.4362,3.3089
2009/2/18,1.5634,2.4179,3.2957
2009/2/19,1.5345,2.4095,3.2812
2009/2/20,1.5207,2.3855,3.2839
2009/2/23,1.5072,2.3857,3.2882
2009/2/24,1.4945,2.3651,3.2664
2009/2/25,1.4641,2.3769,3.282
2009/2/26,1.4827,2.3571,3.2678
2009/2/27,1.4877,2.3616,3.2734
2009/3/2,1.4907,2.3717,3.2841
2009/3/3,1.4842,2.3775,3.2894
2009/3/4,1.5258,2.4003,3.3056
2009/3/5,1.5006,2.4289,3.3441
2009/3/6,1.4889,2.4401,3.3687
2009/3/9,1.4842,2.4168,3.3335
2009/3/10,1.4734,2.4017,3.3167
2009/3/11,1.4624,2.3616,3.2838
2009/3/12,1.4801,2.3723,3.2879
2009/3/13,1.4733,2.3657,3.2819
2009/3/16,1.4405,2.3488,3.2733
2009/3/17,1.4711,2.3465,3.2567
2009/3/18,1.468,2.3532,3.2562
2009/3/19,1.4475,2.3437,3.2664
2009/3/20,1.4606,2.3509,3.2694
2009/3/23,1.4719,2.3723,3.2927
2009/3/24,1.4866,2.396,3.3166
2009/3/25,1.4943,2.366,3.2129
2009/3/26,1.4365,2.4272,3.2889
2009/3/27,1.4518,2.3969,3.3209
2009/3/30,1.4722,2.393,3.2829
2009/3/31,1.4674,2.3634,3.2805
2009/4/1,1.4717,2.3904,3.3079
2009/4/2,1.5068,2.3782,3.2897
2009/4/3,1.4818,2.3971,3.3239
2009/4/7,1.5097,2.4701,3.3871
2009/4/8,1.5345,2.4291,3.3302
2009/4/9,1.5351,2.4309,3.3422
2009/4/10,1.5442,2.4632,3.3607
2009/4/13,1.5743,2.4633,3.3766
2009/4/14,1.5621,2.4704,3.3716
2009/4/15,1.5903,2.4783,3.3486
2009/4/16,1.5775,2.4521,3.333
2009/4/17,1.5726,2.4554,3.3502
2009/4/20,1.5696,2.4534,3.3485
2009/4/21,1.5437,2.4257,3.3383
2009/4/22,1.5642,2.4241,3.3245
2009/4/23,1.5847,2.4488,3.3457
2009/4/24,1.5878,2.4243,3.3223
2009/4/27,1.578,2.4149,3.2873
2009/4/28,1.5548,2.4133,3.3285
2009/4/29,1.5954,2.418,3.311
2009/4/30,1.5881,2.4273,3.3243
2009/5/4,1.5808,2.4286,3.3303
2009/5/5,1.6069,2.4267,3.3094
2009/5/6,1.5667,2.4143,3.3213
2009/5/7,1.5482,2.3942,3.3009
2009/5/8,1.5256,2.3768,3.2826
2009/5/11,1.5233,2.3828,3.2901
2009/5/12,1.5228,2.3738,3.2775
2009/5/13,1.5086,2.3589,3.2655
2009/5/14,1.4382,2.3427,3.2659
2009/5/15,1.5092,2.3455,3.247
2009/5/18,1.4787,2.323,3.2278
2009/5/19,1.4697,2.3232,3.2307
2009/5/20,1.4419,2.3263,3.2408
2009/5/21,1.4488,2.3398,3.2613
2009/5/22,1.472,2.3184,3.221
2009/5/25,1.4995,2.3441,3.246
2009/5/26,1.5537,2.3807,3.2725
2009/5/27,1.4933,2.3594,3.2669
2009/6/1,1.4952,2.358,3.2666
2009/6/2,1.55,2.368,3.2476
2009/6/3,1.5419,2.3703,3.2667
2009/6/4,1.5402,2.3557,3.2473
2009/6/5,1.5144,2.3747,3.2834
2009/6/8,1.5142,2.3585,3.2629
2009/6/9,1.5431,2.3979,3.3003
2009/6/10,1.541,2.392,3.296
2009/6/11,1.5433,2.3971,3.2994
2009/6/12,1.5708,2.4355,3.3362
2009/6/15,1.5736,2.4288,3.3328
2009/6/16,1.5815,2.4383,3.3382
2009/6/17,1.5914,2.4344,3.3273
2009/6/18,1.5833,2.4311,3.3323
2009/6/19,1.5553,2.4277,3.339
2009/6/22,1.5749,2.4166,3.3135
2009/6/23,1.5663,2.4189,3.3232
2009/6/24,1.5911,2.4519,3.3577
2009/6/25,1.6745,2.4908,3.3407
2009/6/26,1.6757,2.4992,3.3467
2009/6/29,1.6306,2.4887,3.3619
2009/6/30,1.583,2.4751,3.3725
2009/7/1,1.5685,2.4649,3.3797
2009/7/2,1.634,2.4745,3.3748
2009/7/3,1.6254,2.521,3.4312
2009/7/6,1.6309,2.4989,3.3966
2009/7/7,1.6358,2.5097,3.4032
2009/7/8,1.5974,2.4651,3.3714
2009/7/9,1.6974,2.5304,3.3824
2009/7/10,1.7704,2.566,3.4213
2009/7/13,1.7831,2.6122,3.4806
2009/7/14,1.8065,2.6125,3.4618
2009/7/15,1.8671,2.6531,3.4885
2009/7/16,2.0021,2.7314,3.4816
2009/7/17,2.0196,2.7558,3.5114
2009/7/20,2.0954,2.7883,3.5188
2009/7/21,2.0499,2.7529,3.5044
2009/7/22,2.0384,2.7507,3.474
2009/7/23,2.0336,2.732,3.4977
2009/7/24,2.0235,2.761,3.5418
2009/7/27,2.0473,2.75,3.5308
2009/7/28,2.0497,2.7499,3.4957
2009/7/29,1.9901,2.7249,3.5171
2009/7/30,2.0651,2.7815,3.5347
2009/7/31,2.0607,2.7883,3.5816
2009/8/3,2.0723,2.8231,3.5749
2009/8/4,2.1215,2.8253,3.5806
2009/8/5,2.1028,2.8297,3.5504
2009/8/6,2.1033,2.8177,3.5456
2009/8/7,2.0769,2.8148,3.5432
2009/8/10,2.1152,2.8288,3.5434
2009/8/11,2.0932,2.8404,3.5597
2009/8/12,2.0985,2.843,3.5854
2009/8/13,2.0976,2.8059,3.5129
2009/8/14,2.0567,2.8109,3.5481
2009/8/17,2.0698,2.8236,3.5684
2009/8/18,2.084,2.8254,3.5811
2009/8/19,2.0829,2.8479,3.5543
2009/8/20,2.1119,2.8456,3.5487
2009/8/21,2.0822,2.8376,3.5595
2009/8/24,2.0772,2.8156,3.5431
2009/8/25,2.0814,2.8333,3.5541
2009/8/26,2.0882,2.8601,3.5621
2009/8/27,2.072,2.8477,3.5749
2009/8/28,2.0597,2.8248,3.5541
2009/8/31,2.0375,2.8315,3.5775
2009/9/1,2.0838,2.8259,3.578
2009/9/2,2.0554,2.7958,3.566
2009/9/3,2.0269,2.8325,3.5374
2009/9/4,2.0323,2.8117,3.5469
2009/9/7,2.0369,2.7913,3.546
2009/9/8,2.0099,2.7886,3.5385
2009/9/9,1.9901,2.7999,3.5742
2009/9/10,2.0017,2.7966,3.5367
2009/9/11,1.989,2.7957,3.5525
2009/9/14,2.0045,2.7982,3.5668
2009/9/15,1.9845,2.7635,3.5862
2009/9/16,1.9843,2.7805,3.5636
2009/9/17,2.0091,2.791,3.5759
2009/9/18,2.0378,2.8075,3.567
2009/9/21,1.9803,2.801,3.5591
2009/9/22,1.9852,2.7854,3.5581
2009/9/23,1.9744,2.8242,3.5846
2009/9/24,1.9696,2.814,3.6101
2009/9/25,1.9717,2.8372,3.6179
2009/9/28,1.9419,2.8182,3.6394
2009/9/29,1.9592,2.8365,3.6272
2009/9/30,1.9742,2.8462,3.6359
2009/10/9,1.987,2.8521,3.6417
2009/10/12,2.0894,2.9237,3.6462
2009/10/13,2.0737,2.9358,3.6947
2009/10/14,2.0705,2.9445,3.6862
2009/10/15,2.1594,2.9945,3.7
2009/10/16,2.1878,3.0047,3.7196
2009/10/19,2.145,2.9942,3.7124
2009/10/20,2.1727,2.9934,3.7328
2009/10/21,2.1576,2.9988,3.7353
2009/10/22,2.2238,3.0275,3.7289
2009/10/23,2.1221,2.9868,3.745
2009/10/26,2.1818,2.9873,3.7364
2009/10/27,2.13,2.981,3.7279
2009/10/28,2.1456,2.9886,3.7242
2009/10/29,2.2136,2.9953,3.7229
2009/10/30,2.1498,2.9619,3.7257
2009/11/2,2.1206,2.9686,3.7292
2009/11/3,2.1421,2.9903,3.7588
2009/11/4,2.1734,3.0088,3.7381
2009/11/5,2.1593,3.0228,3.7493
2009/11/6,2.1766,3.0245,3.7537
2009/11/9,2.174,3.0082,3.7609
2009/11/10,2.1898,3.0247,3.7559
2009/11/11,2.2193,3.0509,3.7498
2009/11/12,2.1921,3.0378,3.7542
2009/11/13,2.2547,3.0448,3.7194
2009/11/16,2.2126,3.0203,3.7546
2009/11/17,2.1941,3.0272,3.7269
2009/11/18,2.1574,3.0202,3.7255
2009/11/19,2.1569,3.0014,3.7182
2009/11/20,2.1776,2.9922,3.7227
2009/11/23,2.1332,3.0004,3.7461
2009/11/24,2.1364,3.0066,3.718
2009/11/25,2.156,2.9892,3.7341
2009/11/26,2.0919,2.9867,3.7279
2009/11/27,2.1023,2.9799,3.7108
2009/11/30,2.1218,2.9444,3.6847
2009/12/1,2.0977,2.9492,3.6769
2009/12/2,2.1392,2.9462,3.6851
2009/12/3,2.0642,2.9467,3.6867
2009/12/4,2.0299,2.948,3.6973
2009/12/7,2.075,3.0087,3.7152
2009/12/8,2.0893,3.0069,3.7338
2009/12/9,2.0593,2.9625,3.7133
2009/12/10,2.1097,2.9707,3.7069
2009/12/11,2.1244,2.9612,3.7099
2009/12/14,2.0789,2.9828,3.7506
2009/12/15,2.0898,2.9829,3.7439
2009/12/16,2.0917,2.9658,3.7178
2009/12/17,2.0926,2.9738,3.7122
2009/12/18,2.1326,2.9657,3.7181
2009/12/21,2.0877,2.9796,3.72
2009/12/22,2.0835,2.9664,3.7205
2009/12/23,2.1458,2.9733,3.7203
2009/12/24,2.1113,2.9794,3.7138
2009/12/25,2.0842,2.956,3.7079
2009/12/28,2.1096,2.9849,3.7203
2009/12/29,2.0528,2.8924,3.7054
2009/12/30,2.0841,2.9784,3.7204
2009/12/31,2.083,2.947,3.7266
2010/1/4,2.0957,2.9481,3.7171
2010/1/5,2.089,2.9662,3.742
2010/1/6,2.1475,3.0065,3.721
2010/1/7,2.1301,3.0169,3.7363
2010/1/8,2.0911,2.988,3.7367
2010/1/11,2.1241,2.9745,3.7466
2010/1/12,2.1805,3.006,3.7369
2010/1/13,2.2058,3.0594,3.7674
2010/1/14,2.1709,3.0452,3.766
2010/1/15,2.2261,3.0647,3.7534
2010/1/18,2.2229,3.0376,3.7458
2010/1/19,2.1813,3.0229,3.7429
2010/1/20,2.196,3.0289,3.7347
2010/1/21,2.1522,3.0171,3.7306
2010/1/22,2.2084,3.0144,3.7122
2010/1/25,2.2168,3.0258,3.7042
2010/1/26,2.2019,3.0067,3.7021
2010/1/27,2.2185,3.0142,3.7028
2010/1/28,2.2041,3.0046,3.6977
2010/1/29,2.1767,2.9689,3.6767
2010/2/1,2.1541,2.9429,3.6421
2010/2/2,2.195,2.9471,3.6346
2010/2/3,2.1662,2.9139,3.593
2010/2/4,2.1695,2.9264,3.6215
2010/2/5,2.2039,2.916,3.5912
2010/2/8,2.1891,2.9148,3.5743
2010/2/9,2.1259,2.8462,3.5409
2010/2/10,2.1718,2.905,3.5637
2010/2/11,2.1263,2.8768,3.5643
2010/2/12,2.1382,2.877,3.5543
2010/2/20,2.2421,2.9188,3.561
2010/2/21,2.3456,2.9748,3.5738
2010/2/22,2.2099,2.9284,3.592
2010/2/23,2.2044,2.9413,3.6068
2010/2/24,2.1876,2.907,3.5742
2010/2/25,2.2032,2.9096,3.5737
2010/2/26,2.1461,2.8408,3.5252
2010/3/1,2.1731,2.8178,3.4867
2010/3/2,2.1094,2.757,3.4716
2010/3/3,2.0573,2.7207,3.448
2010/3/4,2.0465,2.7473,3.4603
2010/3/5,2.0372,2.7541,3.4977
2010/3/8,2.0433,2.7368,3.4678
2010/3/9,2.0558,2.7649,3.4758
2010/3/10,2.0361,2.7459,3.4774
2010/3/11,2.0431,2.7616,3.4935
2010/3/12,2.0538,2.7699,3.4956
2010/3/15,2.0318,2.7865,3.5213
2010/3/16,2.025,2.7587,3.4876
2010/3/17,1.9934,2.7132,3.4828
2010/3/18,1.9759,2.6895,3.4655
2010/3/19,1.9501,2.678,3.4402
2010/3/22,1.9719,2.7165,3.4622
2010/3/23,1.9946,2.7517,3.4774
2010/3/24,2.0092,2.739,3.4635
2010/3/25,2.0006,2.7371,3.4627
2010/3/26,1.9989,2.7519,3.4727
2010/3/29,2.0126,2.7623,3.4985
2010/3/30,2.0373,2.7933,3.4898
2010/3/31,2.054,2.8052,3.4976
2010/4/1,2.0332,2.7966,3.5123
2010/4/2,2.0687,2.7985,3.5095
2010/4/6,2.0238,2.7821,3.5338
2010/4/7,2.0551,2.8121,3.5497
2010/4/8,2.0843,2.842,3.5564
2010/4/9,2.0892,2.8404,3.5696
2010/4/12,2.1413,2.8346,3.5613
2010/4/13,2.1185,2.8305,3.55
2010/4/14,2.1418,2.8168,3.5338
2010/4/15,2.1452,2.8164,3.5319
2010/4/16,2.122,2.8301,3.5283
2010/4/19,2.1541,2.8332,3.5042
2010/4/20,2.1096,2.7782,3.4895
2010/4/21,2.0879,2.7844,3.4725
2010/4/22,2.0676,2.784,3.482
2010/4/23,2.0748,2.752,3.4598
2010/4/26,2.0768,2.7478,3.4512
2010/4/27,2.0516,2.7179,3.4581
2010/4/28,2.0447,2.7047,3.4207
2010/4/29,2.0361,2.7234,3.4339
2010/4/30,2.0308,2.7142,3.4357
2010/5/4,2.0127,2.7151,3.4408
2010/5/5,2.036,2.7221,3.4358
2010/5/6,1.995,2.693,3.4322
2010/5/7,2.0055,2.6781,3.3947
2010/5/10,1.9965,2.6554,3.3995
2010/5/11,1.993,2.6794,3.3958
2010/5/12,1.9798,2.6535,3.3762
2010/5/13,1.9855,2.6474,3.3757
2010/5/14,1.9868,2.6377,3.3816
2010/5/17,1.9883,2.6143,3.3418
2010/5/18,1.9685,2.5559,3.3223
2010/5/19,1.9065,2.5159,3.3078
2010/5/20,1.9571,2.5316,3.2592
2010/5/21,1.9321,2.5312,3.2824
2010/5/24,1.9341,2.5666,3.3126
2010/5/25,1.971,2.5456,3.3139
2010/5/26,1.9323,2.5337,3.3029
2010/5/27,1.9349,2.5473,3.3108
2010/5/28,1.9648,2.5533,3.3021
2010/5/31,2.0142,2.5867,3.355
2010/6/1,1.9853,2.5558,3.3175
2010/6/2,2.0266,2.5649,3.3239
2010/6/3,2.0086,2.5776,3.3029
2010/6/4,1.9954,2.5732,3.3263
2010/6/7,2.0075,2.5645,3.3193
2010/6/8,2.0162,2.5822,3.3096
2010/6/9,2.0643,2.5972,3.3294
2010/6/10,2.0575,2.6087,3.3511
2010/6/11,2.0695,2.6121,3.3712
2010/6/17,2.0896,2.6158,3.3663
2010/6/18,2.092,2.6462,3.4046
2010/6/21,2.1487,2.7038,3.4112
2010/6/22,2.1913,2.7044,3.3948
2010/6/23,2.2019,2.7226,3.4087
2010/6/24,2.1614,2.7141,3.4131
2010/6/25,2.1891,2.721,3.406
2010/6/28,2.224,2.6908,3.3821
2010/6/29,2.2052,2.6913,3.3799
2010/6/30,2.1699,2.6557,3.3675
2010/7/1,2.1302,2.6454,3.3707
2010/7/2,2.1789,2.6602,3.3319
2010/7/5,2.1771,2.6522,3.3326
2010/7/6,2.1705,2.6301,3.3362
2010/7/7,2.1008,2.5888,3.2942
2010/7/8,2.1187,2.586,3.2982
2010/7/9,2.1292,2.5974,3.3014
2010/7/12,2.1269,2.5947,3.3076
2010/7/13,2.1535,2.5844,3.2793
2010/7/14,2.0727,2.5692,3.2768
2010/7/15,2.0873,2.5639,3.2701
2010/7/16,2.1062,2.5675,3.277
2010/7/19,2.1031,2.5718,3.2866
2010/7/20,2.1329,2.5835,3.2643
2010/7/21,2.1,2.5763,3.2888
2010/7/22,2.1161,2.5865,3.2848
2010/7/23,2.0934,2.5964,3.287
2010/7/26,2.1419,2.6117,3.2927
2010/7/27,2.1614,2.6436,3.3092
2010/7/28,2.1484,2.6119,3.3117
2010/7/29,2.1587,2.6213,3.3177
2010/7/30,2.1476,2.6227,3.3194
2010/8/2,2.1156,2.6192,3.3297
2010/8/3,2.1581,2.6355,3.3263
2010/8/4,2.1077,2.6269,3.3384
2010/8/5,2.0825,2.6233,3.3309
2010/8/6,2.1179,2.6174,3.3123
2010/8/9,2.1158,2.6107,3.3212
2010/8/10,2.1366,2.6292,3.3137
2010/8/11,2.0865,2.604,3.3155
2010/8/12,2.1013,2.5811,3.2777
2010/8/13,2.0894,2.5757,3.285
2010/8/16,2.1275,2.5909,3.2843
2010/8/17,2.0913,2.5919,3.2928
2010/8/18,2.1209,2.6099,3.2848
2010/8/19,2.1392,2.6145,3.2873
2010/8/20,2.1225,2.6177,3.3083
2010/8/23,2.1973,2.6654,3.298
2010/8/24,2.2152,2.6882,3.2979
2010/8/25,2.1445,2.622,3.2894
2010/8/26,2.149,2.6436,3.2942
2010/8/27,2.1532,2.6567,3.2892
2010/8/30,2.153,2.7214,3.2527
2010/8/31,2.2071,2.679,3.292
2010/9/1,2.1815,2.6789,3.2921
2010/9/2,2.1785,2.6733,3.29
2010/9/3,2.2137,2.6935,3.3019
2010/9/6,2.2202,2.7277,3.3088
2010/9/7,2.2512,2.7387,3.3074
2010/9/8,2.2044,2.7096,3.3182
2010/9/9,2.2235,2.7161,3.3147
2010/9/10,2.2167,2.7219,3.3337
2010/9/13,2.2266,2.7446,3.3443
2010/9/14,2.2523,2.7539,3.3601
2010/9/15,2.2716,2.7621,3.3691
2010/9/16,2.3124,2.7984,3.3579
2010/9/17,2.2703,2.7748,3.3706
2010/9/20,2.2886,2.7804,3.3678
2010/9/21,2.3079,2.7933,3.3712
2010/9/27,2.2739,2.7859,3.3712
2010/9/28,2.3393,2.8157,3.3777
2010/9/29,2.2853,2.7943,3.3763
2010/9/30,2.3065,2.8123,3.3778
2010/10/8,2.3236,2.805,3.3742
2010/10/11,2.2991,2.8187,3.4127
2010/10/12,2.3092,2.8499,3.4385
2010/10/13,2.3042,2.8382,3.4271
2010/10/14,2.3241,2.8451,3.4333
2010/10/15,2.3171,2.8575,3.4366
2010/10/18,2.323,2.8612,3.4529
2010/10/19,2.3377,2.8659,3.4517
2010/10/20,2.3667,2.9522,3.533
2010/10/21,2.2922,2.9804,3.6464
2010/10/22,2.3021,2.9802,3.6473
2010/10/25,2.3336,2.9788,3.6178
2010/10/26,2.3178,3.0005,3.6549
2010/10/27,2.3716,3.0253,3.6565
2010/10/28,2.3549,3.0305,3.6345
2010/10/29,2.3441,3.0265,3.6721
2010/11/1,2.3679,3.0584,3.6764
2010/11/2,2.3978,3.0941,3.6726
2010/11/3,2.4291,3.1476,3.7349
2010/11/4,2.4846,3.2164,3.7676
2010/11/5,2.5215,3.2412,3.7712
2010/11/8,2.4741,3.1868,3.7956
2010/11/9,2.5249,3.2539,3.8142
2010/11/10,2.5759,3.3275,3.8914
2010/11/11,2.7063,3.4528,3.9593
2010/11/12,2.7459,3.457,3.9355
2010/11/15,2.7731,3.4843,3.9568
2010/11/16,2.7805,3.4779,3.9389
2010/11/17,2.7542,3.467,3.9516
2010/11/18,2.8152,3.4519,3.8817
2010/11/19,2.6773,3.4067,3.8775
2010/11/22,2.8121,3.4673,3.9509
2010/11/23,2.868,3.523,3.9833
2010/11/24,2.9721,3.5817,3.9529
2010/11/25,2.9769,3.6142,3.9671
2010/11/26,3.0678,3.6379,4.0009
2010/11/29,3.0848,3.6195,4.0069
2010/11/30,3.1203,3.6705,3.9841
2010/12/1,3.0954,3.5653,3.9575
2010/12/2,3.0798,3.5381,3.9088
2010/12/3,2.9724,3.6259,3.8876
2010/12/6,3.0185,3.5942,3.8913
2010/12/7,2.9657,3.5805,3.8819
2010/12/8,2.9693,3.5733,3.8886
2010/12/9,2.988,3.5988,3.9144
2010/12/10,2.9887,3.602,3.8985
2010/12/13,3.0296,3.5877,3.8769
2010/12/14,3.028,3.5736,3.9025
2010/12/15,3.0523,3.5649,3.8831
2010/12/16,3.0679,3.5631,3.8647
2010/12/17,3.0702,3.5574,3.8529
2010/12/20,3.0733,3.5488,3.8421
2010/12/22,3.1511,3.5434,3.8466
2010/12/23,3.1892,3.5192,3.8702
2010/12/24,3.2539,3.5088,3.8597
2010/12/27,3.3179,3.6234,3.9359
2010/12/28,3.3704,3.6039,3.9398
2010/12/29,3.4008,3.5915,3.9437
2010/12/30,3.3001,3.5605,3.9305
2010/12/31,3.3398,3.5494,3.8962
2011/1/4,3.3393,3.5108,3.8534
2011/1/5,3.2428,3.4483,3.8409
2011/1/6,3.2205,3.4186,3.841
2011/1/7,3.1858,3.4334,3.8704
2011/1/10,3.1327,3.4257,3.8517
2011/1/11,3.1779,3.439,3.8819
2011/1/12,3.134,3.4458,3.8803
2011/1/13,3.0899,3.4599,3.8961
2011/1/14,3.1112,3.4812,3.9193
2011/1/17,3.1331,3.5268,3.9106
2011/1/18,3.1451,3.6049,3.9784
2011/1/19,3.1551,3.6384,3.974
2011/1/20,3.1724,3.6243,3.9897
2011/1/21,3.1878,3.6203,3.9713
2011/1/24,3.2471,3.6224,4.0135
2011/1/25,3.2578,3.6094,4.0122
2011/1/26,3.263,3.6304,4.0161
2011/1/27,3.2645,3.6106,4.0125
2011/1/28,3.2612,3.6106,4.0144
2011/1/31,3.2604,3.6131,4.0144
2011/2/1,3.2631,3.6156,3.9989
2011/2/9,3.3091,3.7,4.1195
2011/2/10,3.2983,3.7142,4.1106
2011/2/11,3.2839,3.7113,4.0877
2011/2/14,3.2795,3.6547,4.0208
2011/2/15,3.2342,3.6574,4.0431
2011/2/16,3.2508,3.6557,4.0221
2011/2/17,3.2729,3.6495,4.0407
2011/2/18,3.2266,3.653,4.0326
2011/2/21,3.2518,3.6986,4.0427
2011/2/22,3.2883,3.6881,4.0459
2011/2/23,3.2619,3.6647,3.9883
2011/2/24,3.2414,3.6041,3.956
2011/2/25,3.2138,3.6467,3.9546
2011/2/28,3.2196,3.6019,3.934
2011/3/1,3.2051,3.5784,3.9283
2011/3/2,3.1624,3.5656,3.9241
2011/3/3,3.1943,3.5742,3.9246
2011/3/4,3.1623,3.5853,3.9291
2011/3/7,3.1907,3.5865,3.9375
2011/3/8,3.2417,3.5092,3.926
2011/3/9,3.199,3.5091,3.9008
2011/3/10,3.2001,3.5172,3.9251
2011/3/11,3.1911,3.5444,3.9362
2011/3/14,3.1765,3.5533,3.8971
2011/3/15,3.1769,3.5088,3.8465
2011/3/16,3.1813,3.51,3.858
2011/3/17,3.1778,3.4899,3.8462
2011/3/18,3.1579,3.5038,3.8515
2011/3/21,3.1918,3.5291,3.905
2011/3/22,3.1814,3.5293,3.9006
2011/3/23,3.171,3.5307,3.907
2011/3/24,3.1515,3.5118,3.8816
2011/3/25,3.1565,3.5104,3.8739
2011/3/28,3.1611,3.4978,3.8797
2011/3/29,3.1629,3.5153,3.9057
2011/3/30,3.1786,3.5181,3.9095
2011/3/31,3.1614,3.5209,3.906
2011/4/1,3.1594,3.5046,3.9026
2011/4/6,3.1455,3.5609,3.9234
2011/4/7,3.1388,3.5495,3.9142
2011/4/8,3.1465,3.561,3.9047
2011/4/11,3.1393,3.5174,3.8937
2011/4/12,3.1315,3.4384,3.8756
2011/4/13,3.1006,3.4311,3.8659
2011/4/14,3.0927,3.4574,3.8704
2011/4/15,3.0789,3.4375,3.8662
2011/4/18,3.1043,3.4612,3.8954
2011/4/19,3.0844,3.4595,3.8839
2011/4/20,3.0792,3.4545,3.8915
2011/4/21,3.1051,3.4533,3.8877
2011/4/22,3.1026,3.4523,3.8923
2011/4/25,3.1055,3.4561,3.8973
2011/4/26,3.108,3.4657,3.8972
2011/4/27,3.1091,3.4626,3.8893
2011/4/28,3.094,3.4518,3.8743
2011/4/29,3.087,3.4316,3.8652
2011/5/3,3.142,3.4529,3.8686
2011/5/4,3.1005,3.4308,3.8653
2011/5/5,3.1009,3.4401,3.865
2011/5/6,3.0879,3.4347,3.8348
2011/5/9,3.0866,3.4307,3.8311
2011/5/10,3.0977,3.4368,3.8393
2011/5/11,3.0943,3.4364,3.8353
2011/5/12,3.087,3.4316,3.8314
2011/5/13,3.1221,3.4554,3.8287
2011/5/16,3.1483,3.4592,3.843
2011/5/17,3.1456,3.4511,3.8417
2011/5/18,3.1466,3.4436,3.8394
2011/5/19,3.1573,3.4437,3.8409
2011/5/20,3.1686,3.4356,3.8407
2011/5/23,3.1923,3.4051,3.8478
2011/5/24,3.1793,3.4223,3.847
2011/5/25,3.1921,3.3896,3.8499
2011/5/26,3.178,3.3756,3.8414
2011/5/27,3.1707,3.3856,3.8276
2011/5/30,3.1688,3.3932,3.8381
2011/5/31,3.1745,3.4006,3.8436
2011/6/1,3.204,3.4125,3.8367
2011/6/2,3.1853,3.4186,3.8454
2011/6/3,3.177,3.4173,3.8437
2011/6/7,3.1837,3.4312,3.8492
2011/6/8,3.2006,3.4779,3.8629
2011/6/9,3.1885,3.5069,3.8736
2011/6/10,3.2028,3.5142,3.8929
2011/6/13,3.2107,3.5348,3.902
2011/6/14,3.2596,3.553,3.9274
2011/6/15,3.4121,3.6406,3.9963
2011/6/16,3.4265,3.6138,3.9832
2011/6/17,3.4465,3.6211,3.9824
2011/6/20,3.4643,3.5047,3.9372
2011/6/21,3.5233,3.5377,3.9032
2011/6/22,3.5361,3.596,3.9339
2011/6/23,3.5813,3.6208,3.9453
2011/6/24,3.5525,3.5497,3.872
2011/6/27,3.4443,3.5243,3.8721
2011/6/28,3.5458,3.5471,3.882
2011/6/29,3.4927,3.556,3.8867
2011/6/30,3.4916,3.5564,3.8853
2011/7/1,3.4262,3.5327,3.8827
2011/7/4,3.4108,3.5174,3.8811
2011/7/5,3.4052,3.5272,3.8878
2011/7/6,3.4217,3.5444,3.9166
2011/7/7,3.4569,3.5509,3.8948
2011/7/8,3.4426,3.5506,3.8878
2011/7/11,3.4155,3.5673,3.8884
2011/7/12,3.4388,3.57,3.8886
2011/7/13,3.4993,3.5694,3.898
2011/7/14,3.4869,3.594,3.9265
2011/7/15,3.4862,3.5954,3.9257
2011/7/18,3.5108,3.6385,3.9634
2011/7/19,3.6293,3.7124,4.0143
2011/7/20,3.5838,3.76,4.076
2011/7/21,3.6857,3.8381,4.095
2011/7/22,3.7073,3.799,4.0468
2011/7/25,3.7668,3.8085,4.0625
2011/7/26,3.7069,3.8186,4.071
2011/7/27,3.7075,3.8057,4.0799
2011/7/28,3.7055,3.8065,4.0631
2011/7/29,3.7251,3.7866,4.0443
2011/8/1,3.7115,3.8019,4.0609
2011/8/2,3.7143,3.8055,4.0618
2011/8/3,3.7245,3.9874,4.1307
2011/8/4,3.7177,3.9649,4.0945
2011/8/5,3.6858,3.887,4.0388
2011/8/8,3.6583,3.8697,3.9986
2011/8/9,3.6277,3.8323,3.9512
2011/8/10,3.6379,3.827,3.974
2011/8/11,3.5877,3.7764,3.932
2011/8/12,3.5983,3.8001,3.9325
2011/8/15,3.5968,3.8032,3.9273
2011/8/16,3.6118,3.8162,3.9418
2011/8/17,3.63,3.8325,3.9527
2011/8/18,3.6263,3.827,3.9598
2011/8/19,3.6215,3.7953,3.9394
2011/8/22,3.6424,3.7965,3.9389
2011/8/23,3.6461,3.8076,3.947
2011/8/24,3.6445,3.8087,3.962
2011/8/25,3.6831,3.8204,3.9861
2011/8/26,3.6872,3.87,3.9963
2011/8/29,3.8534,4.0054,4.0978
2011/8/30,3.9487,4.0395,4.1201
2011/8/31,3.9109,4.016,4.1022
2011/9/1,3.8875,3.9852,4.0848
2011/9/2,3.8972,3.9455,4.0673
2011/9/5,3.8701,3.8995,4.051
2011/9/6,3.8498,3.881,4.0105
2011/9/7,3.918,3.8962,4.0479
2011/9/8,3.9393,3.9371,4.0579
2011/9/9,3.9246,3.8956,4.0444
2011/9/13,3.9103,3.8924,4.0237
2011/9/14,3.9277,3.9107,4.0365
2011/9/15,3.9097,3.9287,4.0478
2011/9/16,3.9718,3.9578,4.0756
2011/9/19,3.9659,3.9592,4.08
2011/9/20,3.9381,3.9464,4.0808
2011/9/21,3.933,3.9588,4.09
2011/9/22,3.9274,3.9113,4.0673
2011/9/23,3.8013,3.811,3.9466
2011/9/26,3.7213,3.7425,3.8947
2011/9/27,3.7293,3.7901,3.9347
2011/9/28,3.7279,3.7865,3.9338
2011/9/29,3.6846,3.758,3.9009
2011/9/30,3.7103,3.7116,3.8661
2011/10/10,3.4976,3.5524,3.7826
2011/10/11,3.4316,3.5658,3.7816
2011/10/12,3.3897,3.585,3.8038
2011/10/13,3.3199,3.6617,3.8247
2011/10/14,3.2805,3.6075,3.7733
2011/10/17,3.3462,3.6391,3.7948
2011/10/18,3.3398,3.5775,3.7542
2011/10/19,3.3743,3.5956,3.7492
2011/10/20,3.3387,3.5794,3.7392
2011/10/21,3.3733,3.6007,3.7483
2011/10/24,3.3737,3.6035,3.7595
2011/10/25,3.4124,3.6508,3.8106
2011/10/26,3.4097,3.6357,3.8056
2011/10/27,3.4093,3.6441,3.8192
2011/10/28,3.3828,3.619,3.7984
2011/10/31,3.3542,3.5897,3.7777
2011/11/1,3.3106,3.5397,3.7577
2011/11/2,3.2909,3.5362,3.7462
2011/11/3,3.2554,3.5269,3.7392
2011/11/4,3.2484,3.5233,3.7293
2011/11/7,3.2584,3.5206,3.7443
2011/11/8,3.2039,3.4874,3.7114
2011/11/9,2.9555,3.4202,3.6575
2011/11/10,2.9283,3.3179,3.595
2011/11/11,2.933,3.345,3.6219
2011/11/14,2.9418,3.3336,3.6113
2011/11/15,2.9516,3.3961,3.6796
2011/11/16,2.9546,3.4105,3.6656
2011/11/17,2.9535,3.4029,3.6578
2011/11/18,2.9738,3.3881,3.6581
2011/11/21,2.9852,3.4137,3.6682
2011/11/22,2.9782,3.4033,3.6543
2011/11/23,2.975,3.3279,3.6133
2011/11/24,2.9559,3.329,3.6287
2011/11/25,2.9626,3.315,3.6347
2011/11/28,2.9503,3.3185,3.6605
2011/11/29,2.9449,3.3508,3.6469
2011/11/30,2.9407,3.3181,3.6232
2011/12/1,2.7653,3.1448,3.5253
2011/12/2,2.7814,3.0736,3.5009
2011/12/5,2.7583,3.0576,3.4662
2011/12/6,2.7649,3.0989,3.48
2011/12/7,2.7573,3.0706,3.4806
2011/12/8,2.7724,3.0692,3.4989
2011/12/9,2.7635,3.0622,3.4805
2011/12/12,2.7928,3.0726,3.4868
2011/12/13,2.8082,3.1189,3.4885
2011/12/14,2.8262,3.1149,3.4933
2011/12/15,2.8131,3.1154,3.4929
2011/12/16,2.7736,3.0933,3.4701
2011/12/19,2.8001,3.0992,3.475
2011/12/20,2.7933,3.0894,3.4734
2011/12/21,2.7774,3.0897,3.4733
2011/12/22,2.7927,3.1005,3.4799
2011/12/23,2.7892,3.101,3.4765
2011/12/26,2.797,3.1061,3.48
2011/12/27,2.8146,3.0994,3.463
2011/12/28,2.8297,3.0945,3.4572
2011/12/29,2.828,3.1145,3.4552
2011/12/30,2.801,3.0373,3.436
2012/1/4,2.8028,3.0508,3.4498
2012/1/5,2.8283,3.0826,3.4498
2012/1/6,2.8054,3.0387,3.4155
2012/1/9,2.8474,3.0411,3.4008
2012/1/10,2.8476,3.0426,3.4375
2012/1/11,2.8571,3.041,3.4195
2012/1/12,2.8364,3.033,3.4156
2012/1/13,2.8538,3.0432,3.4249
2012/1/16,2.8566,3.0648,3.4279
2012/1/17,2.8596,3.0596,3.4233
2012/1/18,2.875,3.0686,3.4093
2012/1/19,2.8724,3.0425,3.3982
2012/1/20,2.8611,3.0378,3.3985
2012/1/30,2.849,3.0507,3.4137
2012/1/31,2.8452,3.0576,3.4207
2012/2/1,2.8482,3.1098,3.4476
2012/2/2,2.8654,3.1153,3.4582
2012/2/3,2.8635,3.1051,3.459
2012/2/6,2.8696,3.1488,3.4953
2012/2/7,2.8761,3.131,3.4914
2012/2/8,2.9309,3.1749,3.5145
2012/2/9,2.994,3.1824,3.5466
2012/2/10,2.9967,3.1714,3.533
2012/2/13,2.9831,3.1347,3.5225
2012/2/14,2.9947,3.1581,3.5291
2012/2/15,3.0088,3.1874,3.5415
2012/2/16,3.0245,3.1898,3.5477
2012/2/17,3.0347,3.2076,3.5431
2012/2/20,2.9804,3.1583,3.5231
2012/2/21,3.0072,3.1599,3.5347
2012/2/22,3.0079,3.1825,3.5362
2012/2/23,3.0104,3.1838,3.5351
2012/2/24,3.0054,3.1797,3.5259
2012/2/27,3.0067,3.2085,3.5549
2012/2/28,3.0132,3.2157,3.5527
2012/2/29,3.017,3.1902,3.5418
2012/3/1,3.0069,3.2135,3.5566
2012/3/2,3.0148,3.221,3.5693
2012/3/5,3.0241,3.2221,3.5628
2012/3/6,3.0148,3.2311,3.5579
2012/3/7,3.012,3.2093,3.5526
2012/3/8,2.9639,3.2163,3.539
2012/3/9,2.9678,3.2068,3.5362
2012/3/12,2.9496,3.1547,3.5367
2012/3/13,2.953,3.1724,3.5442
2012/3/14,2.9617,3.1836,3.5499
2012/3/15,2.9683,3.1943,3.5616
2012/3/16,2.9586,3.1923,3.5534
2012/3/19,2.9735,3.1833,3.5634
2012/3/20,2.9603,3.2118,3.5764
2012/3/21,2.975,3.2143,3.5688
2012/3/22,2.9617,3.1976,3.5618
2012/3/23,2.9666,3.1574,3.5414
2012/3/26,2.9554,3.172,3.5427
2012/3/27,2.9399,3.1732,3.5509
2012/3/28,2.931,3.1552,3.5272
2012/3/29,2.8541,3.154,3.5144
2012/3/30,2.8533,3.1297,3.5027
2012/4/5,2.8732,3.1526,3.5233
2012/4/6,2.9004,3.1416,3.5189
2012/4/9,2.8883,3.142,3.5353
2012/4/10,2.8881,3.1319,3.5405
2012/4/11,2.8885,3.1253,3.5302
2012/4/12,2.9096,3.1365,3.5459
2012/4/13,2.8961,3.1512,3.5389
2012/4/16,2.8983,3.1522,3.5345
2012/4/17,2.8813,3.1523,3.5364
2012/4/18,2.8798,3.1704,3.5499
2012/4/19,2.8636,3.1696,3.5474
2012/4/20,2.8578,3.1586,3.5411
2012/4/23,2.8752,3.161,3.5467
2012/4/24,2.8841,3.1549,3.5382
2012/4/25,2.8905,3.1558,3.5387
2012/4/26,2.8966,3.1538,3.5418
2012/4/27,2.9052,3.1535,3.5401
2012/5/2,2.9056,3.1588,3.5403
2012/5/3,2.9063,3.1597,3.5431
2012/5/4,2.9102,3.1659,3.5382
2012/5/7,2.9072,3.1638,3.5341
2012/5/8,2.9056,3.1691,3.5351
2012/5/9,2.8998,3.1583,3.5251
2012/5/10,2.8475,3.1265,3.5176
2012/5/11,2.792,3.0838,3.4863
2012/5/14,2.6815,3.0256,3.4635
2012/5/15,2.5539,2.8066,3.4105
2012/5/16,2.4992,2.8133,3.3753
2012/5/17,2.5685,2.8845,3.4089
2012/5/18,2.5352,2.8065,3.3919
2012/5/21,2.55,2.853,3.4166
2012/5/22,2.567,2.8302,3.3986
2012/5/23,2.5621,2.827,3.3975
2012/5/24,2.4686,2.6989,3.352
2012/5/25,2.416,2.6425,3.3246
2012/5/28,2.4192,2.71,3.3613
2012/5/29,2.425,2.7282,3.3842
2012/5/30,2.4345,2.7888,3.385
2012/5/31,2.4123,2.816,3.3559
2012/6/1,2.3725,2.8093,3.3503
2012/6/4,2.353,2.8225,3.3574
2012/6/5,2.3758,2.8781,3.37
2012/6/6,2.3761,2.8942,3.3779
2012/6/7,2.4061,2.8923,3.3796
2012/6/8,2.319,2.8275,3.3234
2012/6/11,2.3469,2.9144,3.3669
2012/6/12,2.361,2.9411,3.3775
2012/6/13,2.3838,3.0053,3.3948
2012/6/14,2.4041,3.0107,3.4017
2012/6/15,2.3927,2.9917,3.3988
2012/6/18,2.4301,3.0458,3.4225
2012/6/19,2.4482,3.0178,3.4143
2012/6/20,2.4663,3.0243,3.4145
2012/6/21,2.4286,3.0064,3.3956
2012/6/25,2.4223,2.9544,3.3782
2012/6/26,2.4124,2.9525,3.3753
2012/6/27,2.3872,2.8851,3.3392
2012/6/28,2.3566,2.8808,3.3348
2012/6/29,2.3516,2.9184,3.3329
2012/7/2,2.3662,2.9209,3.3457
2012/7/3,2.3536,2.892,3.3292
2012/7/4,2.3499,2.8939,3.3297
2012/7/5,2.3429,2.8724,3.3282
2012/7/6,2.2714,2.8348,3.3021
2012/7/9,2.2613,2.809,3.2754
2012/7/10,2.2577,2.7589,3.2503
2012/7/11,2.2551,2.745,3.2425
2012/7/12,2.2517,2.7452,3.2425
2012/7/13,2.2564,2.7547,3.2647
2012/7/16,2.2598,2.7891,3.2849
2012/7/17,2.2493,2.8018,3.2997
2012/7/18,2.2695,2.8087,3.276
2012/7/19,2.3026,2.8084,3.2923
2012/7/20,2.2981,2.795,3.2875
2012/7/23,2.3058,2.8027,3.2813
2012/7/24,2.2999,2.7975,3.2869
2012/7/25,2.3431,2.7985,3.2833
2012/7/26,2.3689,2.8206,3.2844
2012/7/27,2.3591,2.8167,3.2886
2012/7/30,2.3675,2.8359,3.2856
2012/7/31,2.3974,2.8811,3.2987
2012/8/1,2.3864,2.8408,3.2989
2012/8/2,2.3773,2.8439,3.2963
2012/8/3,2.404,2.8836,3.2967
2012/8/6,2.4622,2.9318,3.3139
2012/8/7,2.5969,2.9735,3.3358
2012/8/8,2.6268,3.0251,3.3479
2012/8/9,2.5912,2.9105,3.2999
2012/8/10,2.5801,2.8984,3.2842
2012/8/13,2.609,2.9951,3.3101
2012/8/14,2.6268,3.0192,3.3281
2012/8/15,2.6995,3.0834,3.344
2012/8/16,2.6829,3.0685,3.3552
2012/8/17,2.6889,3.051,3.3298
2012/8/20,2.7675,3.1221,3.3598
2012/8/21,2.7643,3.092,3.3614
2012/8/22,2.8246,3.2029,3.3973
2012/8/23,2.8117,3.122,3.3734
2012/8/24,2.8043,3.1012,3.3501
2012/8/27,2.7985,3.0751,3.3573
2012/8/28,2.8096,3.1433,3.3649
2012/8/29,2.8465,3.1287,3.3986
2012/8/30,2.8597,3.0946,3.4008
2012/8/31,2.8481,3.1072,3.4009
2012/9/3,2.8449,3.0955,3.4034
2012/9/4,2.8143,3.066,3.3917
2012/9/5,2.8138,3.0725,3.3979
2012/9/6,2.8179,3.078,3.3965
2012/9/7,2.845,3.1357,3.4265
2012/9/10,2.8697,3.2066,3.4767
2012/9/11,2.8873,3.2215,3.4722
2012/9/12,3.0321,3.2661,3.492
2012/9/13,3.0336,3.27,3.4813
2012/9/14,3.1346,3.3095,3.5482
2012/9/17,3.0924,3.3567,3.5687
2012/9/18,3.0227,3.2604,3.5008
2012/9/19,3.0611,3.3088,3.511
2012/9/20,3.0342,3.2893,3.5122
2012/9/21,3.0104,3.2801,3.4988
2012/9/24,3.0205,3.2903,3.4816
2012/9/25,2.987,3.2328,3.4673
2012/9/26,2.9295,3.1592,3.4589
2012/9/27,2.9307,3.1545,3.4434
2012/9/28,2.9383,3.1782,3.4604
2012/10/8,2.9481,3.2045,3.5043
2012/10/9,2.9533,3.2146,3.496
2012/10/10,2.954,3.2148,3.4961
2012/10/11,2.9406,3.2086,3.5045
2012/10/12,2.9312,3.181,3.4793
2012/10/15,2.9435,3.1761,3.4868
2012/10/16,2.922,3.1918,3.4963
2012/10/17,3.0317,3.1976,3.5062
2012/10/18,2.9661,3.2726,3.5208
2012/10/19,2.9726,3.2254,3.5304
2012/10/22,2.9627,3.2268,3.5506
2012/10/23,2.9689,3.2092,3.5509
2012/10/24,2.9603,3.2237,3.5485
2012/10/25,2.9651,3.2463,3.572
2012/10/26,2.9801,3.2526,3.5724
2012/10/29,2.9946,3.1871,3.5683
2012/10/30,3.0088,3.1999,3.5723
2012/10/31,3.002,3.2114,3.5804
2012/11/1,3.0545,3.23,3.5965
2012/11/2,3.0884,3.2149,3.5866
2012/11/5,3.0479,3.1903,3.587
2012/11/6,3.0417,3.1975,3.5784
2012/11/7,3.042,3.1909,3.5585
2012/11/8,3.057,3.1848,3.564
2012/11/9,3.0538,3.171,3.5618
2012/11/12,3.054,3.1893,3.561
2012/11/13,3.0495,3.1727,3.5519
2012/11/14,3.0538,3.1698,3.5393
2012/11/15,3.0466,3.1681,3.5326
2012/11/16,3.0298,3.1418,3.5151
2012/11/19,2.9779,3.1187,3.5066
2012/11/20,2.9525,3.1247,3.5158
2012/11/21,2.9258,3.1688,3.5278
2012/11/22,2.9141,3.2042,3.5407
2012/11/23,2.9254,3.1967,3.5439
2012/11/26,2.9517,3.1957,3.5511
2012/11/27,2.9542,3.2424,3.5566
2012/11/28,2.9586,3.2612,3.5538
2012/11/29,2.9458,3.2648,3.5335
2012/11/30,2.9527,3.2645,3.5367
2012/12/3,2.97,3.2741,3.5422
2012/12/4,2.9766,3.2882,3.5545
2012/12/5,3.02,3.2932,3.5623
2012/12/6,3.0356,3.3102,3.5567
2012/12/7,3.0471,3.3147,3.5754
2012/12/10,3.0586,3.3126,3.5719
2012/12/11,3.0634,3.2895,3.5706
2012/12/12,3.0588,3.29,3.5709
2012/12/13,3.076,3.2809,3.571
2012/12/14,3.0871,3.2993,3.584
2012/12/17,3.0974,3.2975,3.5828
2012/12/18,3.0974,3.2782,3.5816
2012/12/19,3.107,3.2915,3.5954
2012/12/20,3.102,3.3081,3.5808
2012/12/21,3.1079,3.2931,3.5909
2012/12/24,3.1297,3.3012,3.5813
2012/12/25,3.1368,3.301,3.5764
2012/12/26,3.1309,3.2674,3.5815
2012/12/27,3.1066,3.267,3.5815
2012/12/28,3.0908,3.2202,3.5717
2012/12/31,3.087,3.2213,3.575
2013/1/4,3.1051,3.2543,3.6009
2013/1/7,3.0363,3.2419,3.5973
2013/1/8,3.034,3.2221,3.5875
2013/1/9,3.0179,3.2243,3.5811
2013/1/10,3.0172,3.229,3.5879
2013/1/11,2.9936,3.2353,3.6053
2013/1/14,3.0192,3.2567,3.5983
2013/1/15,2.9715,3.2728,3.6008
2013/1/16,2.9952,3.2734,3.6035
2013/1/17,2.9984,3.2749,3.5966
2013/1/18,2.9478,3.2098,3.5789
2013/1/21,2.966,3.2177,3.5792
2013/1/22,2.9904,3.2202,3.5724
2013/1/23,2.988,3.2333,3.5638
2013/1/24,2.9221,3.246,3.5817
2013/1/25,3.0144,3.2356,3.579
2013/1/28,3.0174,3.214,3.6032
2013/1/29,2.9448,3.262,3.6017
2013/1/30,2.9416,3.2853,3.6013
2013/1/31,2.9095,3.2769,3.6024
2013/2/1,3.0682,3.2917,3.6009
2013/2/4,3.0507,3.29,3.5983
2013/2/5,3.0275,3.2946,3.6015
2013/2/6,3.0279,3.2918,3.5991
2013/2/7,3.0263,3.2882,3.599
2013/2/8,3.0084,3.2902,3.5988
2013/2/18,3.0095,3.2827,3.5917
2013/2/19,3.0132,3.2918,3.5943
2013/2/20,3.0306,3.297,3.5945
2013/2/21,2.992,3.2857,3.5669
2013/2/22,3.0064,3.2982,3.5714
2013/2/25,3.034,3.3136,3.5798
2013/2/26,3.056,3.3205,3.6054
2013/2/27,3.0461,3.3272,3.5996
2013/2/28,3.0686,3.3188,3.5996
2013/3/1,3.0484,3.3321,3.6092
2013/3/4,3.0465,3.3234,3.6006
2013/3/5,3.0392,3.3049,3.5797
2013/3/6,3.0343,3.3003,3.5797
2013/3/7,3.0352,3.3031,3.5849
2013/3/8,3.0405,3.3182,3.585
2013/3/11,3.0535,3.3315,3.585
2013/3/12,3.0429,3.327,3.5851
2013/3/13,3.0435,3.3215,3.5899
2013/3/14,3.0418,3.3174,3.5899
2013/3/15,3.0389,3.3241,3.5951
2013/3/18,3.0492,3.3288,3.595
2013/3/19,3.041,3.331,3.5997
2013/3/20,3.0492,3.3288,3.595
2013/3/21,3.0451,3.3334,3.595
2013/3/22,3.0452,3.3349,3.5875
2013/3/25,3.0495,3.3318,3.5851
2013/3/26,3.0516,3.3296,3.5802
2013/3/27,3.0533,3.3374,3.575
2013/3/28,3.0568,3.3332,3.5607
2013/3/29,3.0528,3.3325,3.5505
2013/4/1,3.0195,3.327,3.5386
2013/4/2,2.9868,3.3064,3.53
2013/4/3,2.9496,3.2704,3.5101
2013/4/8,2.9522,3.2403,3.4901
2013/4/9,2.9771,3.2455,3.4497
2013/4/10,2.9923,3.2612,3.4668
2013/4/11,2.9753,3.2653,3.4702
2013/4/12,2.9759,3.2614,3.47
2013/4/15,2.9555,3.2478,3.46
2013/4/16,2.948,3.2191,3.4401
2013/4/17,2.9432,3.2137,3.4301
2013/4/18,2.9691,3.2319,3.4503
2013/4/19,2.9815,3.2621,3.4798
2013/4/22,2.9874,3.2669,3.4804
2013/4/23,2.9971,3.2444,3.4602
2013/4/24,2.9827,3.2364,3.4502
2013/4/25,2.9667,3.2403,3.4351
2013/4/26,2.9626,3.2005,3.4331
2013/5/2,2.9648,3.1915,3.4184
2013/5/3,2.9601,3.1734,3.4149
2013/5/6,2.964,3.1891,3.4346
2013/5/7,2.9614,3.1419,3.4205
2013/5/8,2.968,3.1597,3.4296
2013/5/9,2.9737,3.1584,3.4203
2013/5/10,2.981,3.1603,3.4203
2013/5/13,2.978,3.163,3.4203
2013/5/14,2.9822,3.146,3.4202
2013/5/15,2.9801,3.1583,3.4247
2013/5/16,2.9928,3.1598,3.4201
2013/5/17,3.004,3.1666,3.4201
2013/5/20,3.0052,3.1721,3.4201
2013/5/21,3.011,3.1729,3.4202
2013/5/22,3.0147,3.1786,3.4196
2013/5/23,3.0151,3.1666,3.4151
2013/5/24,3.024,3.1205,3.4149
2013/5/27,3.0138,3.1155,3.4152
2013/5/28,3.024,3.1057,3.415
2013/5/29,3.0265,3.1355,3.4206
2013/5/30,3.0421,3.1458,3.4205
2013/5/31,3.0567,3.1472,3.4301
2013/6/3,3.063,3.1578,3.4391
2013/6/4,3.0759,3.1734,3.4498
2013/6/5,3.0836,3.1855,3.4646
2013/6/6,3.1046,3.2124,3.47
2013/6/7,3.1322,3.2312,3.4682
2013/6/13,3.1359,3.2298,3.4597
2013/6/14,3.1975,3.2891,3.465
2013/6/17,3.2033,3.2844,3.4698
2013/6/18,3.2691,3.2956,3.4846
2013/6/19,3.3465,3.3637,3.5402
2013/6/20,3.6516,3.4992,3.649
2013/6/21,3.6515,3.5824,3.6001
2013/6/24,3.6373,3.5837,3.5819
2013/6/25,3.6175,3.5431,3.5822
2013/6/26,3.4864,3.4019,3.5493
2013/6/27,3.3506,3.3389,3.53
2013/6/28,3.2556,3.2925,3.5119
2013/7/1,3.2401,3.2943,3.5118
2013/7/2,3.2093,3.2833,3.5296
2013/7/3,3.1707,3.2832,3.5378
2013/7/4,3.1441,3.2594,3.5205
2013/7/5,3.1293,3.2702,3.5099
2013/7/8,3.1618,3.2969,3.5199
2013/7/9,3.1745,3.3177,3.5289
2013/7/10,3.2068,3.3449,3.59
2013/7/11,3.2569,3.3666,3.6004
2013/7/12,3.2947,3.3901,3.6004
2013/7/15,3.315,3.4178,3.63
2013/7/16,3.3092,3.4455,3.6397
2013/7/17,3.3358,3.4629,3.6596
2013/7/18,3.3603,3.5078,3.7083
2013/7/19,3.4164,3.5056,3.7096
2013/7/22,3.4465,3.5555,3.74
2013/7/23,3.5602,3.5831,3.7599
2013/7/24,3.6192,3.7008,3.7797
2013/7/25,3.5764,3.6585,3.74
2013/7/26,3.5369,3.6405,3.7102
2013/7/29,3.5527,3.6722,3.73
2013/7/30,3.5502,3.6553,3.7298
2013/7/31,3.5316,3.6513,3.7248
2013/8/1,3.5005,3.6326,3.7194
2013/8/2,3.478,3.6117,3.719
2013/8/5,3.4747,3.6181,3.72
2013/8/6,3.505,3.6381,3.72
2013/8/7,3.5084,3.6675,3.7594
2013/8/8,3.5187,3.7222,3.8397
2013/8/9,3.528,3.7353,3.8205
2013/8/12,3.537,3.7881,3.85
2013/8/13,3.603,3.8217,3.8999
2013/8/14,3.7299,3.8745,3.9496
2013/8/15,3.7556,3.9009,3.9587
2013/8/16,3.7239,3.885,3.9482
2013/8/19,3.7657,3.9029,3.9996
2013/8/20,3.7887,3.9504,4.0785
2013/8/21,3.7988,3.9394,4.05
2013/8/22,3.8375,3.941,4.0349
2013/8/23,3.8155,3.891,3.99
2013/8/26,3.7889,3.8678,3.9499
2013/8/27,3.7671,3.8533,3.9699
2013/8/28,3.7878,3.8896,4.0149
2013/8/29,3.8207,3.8966,4.03
2013/8/30,3.7938,3.9086,4.0352
2013/9/2,3.7949,3.9297,4.0354
2013/9/3,3.8187,3.9368,4.0399
2013/9/4,3.8593,3.964,4.06
2013/9/5,3.8795,3.9773,4.055
2013/9/6,3.8716,3.9698,4.0498
2013/9/9,3.8632,3.9751,4.0586
2013/9/10,3.8737,4.0078,4.0759
2013/9/11,3.9249,4.0348,4.1408
2013/9/12,3.9353,4.044,4.14
2013/9/13,3.8904,4.0178,4.1244
2013/9/16,3.877,4.0168,4.1155
2013/9/17,3.8274,3.9947,4.0697
2013/9/18,3.8327,3.9824,4.0476
2013/9/23,3.8212,3.9432,4.0096
2013/9/24,3.8024,3.9358,4.0198
2013/9/25,3.8009,3.9214,4.0197
2013/9/26,3.7577,3.8837,3.9825
2013/9/27,3.7472,3.8711,4.01
2013/9/30,3.7659,3.9044,4.005
2013/10/8,3.7538,3.8831,3.9991
2013/10/9,3.7437,3.8722,4.0401
2013/10/10,3.7519,3.896,4.0297
2013/10/11,3.7277,3.9022,4.01
2013/10/14,3.722,3.9118,4.0396
2013/10/15,3.6949,3.9267,4.0894
2013/10/16,3.713,3.9467,4.099
2013/10/17,3.6884,3.9436,4.1097
2013/10/18,3.7342,3.9576,4.109
2013/10/21,3.7408,3.9782,4.1088
2013/10/22,3.7531,3.9878,4.1347
2013/10/23,3.7585,3.961,4.1503
2013/10/24,3.8061,4.0357,4.2
2013/10/25,3.8064,4.0495,4.2
2013/10/28,3.8172,4.0715,4.1897
2013/10/29,3.9342,4.1071,4.195
2013/10/30,4.0144,4.1107,4.2096
2013/10/31,3.9856,4.0802,4.1798
2013/11/1,3.9552,4.0607,4.1598
2013/11/4,3.9727,4.0645,4.1696
2013/11/5,3.987,4.0985,4.2099
2013/11/6,4.0076,4.1581,4.2247
2013/11/7,4.0719,4.2147,4.2886
2013/11/8,4.1551,4.2816,4.3199
2013/11/11,4.2067,4.3516,4.3801
2013/11/12,4.2204,4.3978,4.4101
2013/11/13,4.3217,4.392,4.4502
2013/11/14,4.3497,4.3867,4.4996
2013/11/15,4.4406,4.5026,4.5897
2013/11/18,4.4507,4.4892,4.6403
2013/11/19,4.4156,4.5023,4.6505
2013/11/20,4.4071,4.5198,4.7202
2013/11/21,4.3674,4.5289,4.6989
2013/11/22,4.2996,4.4537,4.6004
2013/11/25,4.2855,4.4644,4.6198
2013/11/26,4.2714,4.4632,4.6003
2013/11/27,4.2711,4.3996,4.5502
2013/11/28,4.2438,4.339,4.4767
2013/11/29,4.1472,4.3081,4.386
2013/12/2,4.2658,4.3312,4.4802
2013/12/3,4.2243,4.3668,4.4301
2013/12/4,4.2008,4.3589,4.4299
2013/12/5,4.27,4.3693,4.4895
2013/12/6,4.3006,4.3921,4.5292
2013/12/9,4.3746,4.4617,4.5497
2013/12/10,4.3827,4.5273,4.6
2013/12/11,4.3674,4.5336,4.6197
2013/12/12,4.379,4.4671,4.5698
2013/12/13,4.3257,4.4193,4.5298
2013/12/16,4.3149,4.4264,4.5713
2013/12/17,4.3262,4.4454,4.5888
2013/12/18,4.3269,4.46,4.5897
2013/12/19,4.3754,4.4698,4.5998
2013/12/20,4.4105,4.4924,4.5901
2013/12/23,4.3943,4.4957,4.5848
2013/12/24,4.3738,4.4698,4.55
2013/12/25,4.3991,4.4574,4.5696
2013/12/26,4.3841,4.4514,4.56
2013/12/27,4.3511,4.4548,4.5409
2013/12/30,4.3331,4.4597,4.5601
2013/12/31,4.3362,4.4568,4.5609
2014/1/2,4.3499,4.4868,4.5458
2014/1/3,4.3801,4.5361,4.64
2014/1/6,4.3906,4.5233,4.6595
2014/1/7,4.3537,4.5292,4.6298
2014/1/8,4.2793,4.492,4.5996
2014/1/9,4.309,4.4487,4.5998
2014/1/10,4.2993,4.4483,4.6097
2014/1/13,4.3088,4.4873,4.6098
2014/1/14,4.2836,4.4511,4.6014
2014/1/15,4.2667,4.4163,4.5887
2014/1/16,4.2301,4.4098,4.5707
2014/1/17,4.1881,4.4175,4.5799
2014/1/20,4.211,4.4025,4.5895
2014/1/21,4.128,4.3555,4.5499
2014/1/22,4.0448,4.299,4.5
2014/1/23,3.8876,4.2989,4.5099
2014/1/24,3.7833,4.3087,4.51
2014/1/27,3.7806,4.2345,4.4701
2014/1/28,3.8164,4.2491,4.5002
2014/1/29,3.7929,4.2348,4.5102
2014/1/30,3.8239,4.2455,4.51
2014/2/7,3.8062,4.2451,4.48
2014/2/10,3.6924,4.2078,4.4986
2014/2/11,3.6618,4.2269,4.4848
2014/2/12,3.7085,4.2419,4.4859
2014/2/13,3.7081,4.2046,4.478
2014/2/14,3.6704,4.2138,4.4856
2014/2/17,3.643,4.248,4.5098
2014/2/18,3.6526,4.2537,4.5287
2014/2/19,3.634,4.2633,4.5452
2014/2/20,3.6518,4.2643,4.5371
2014/2/21,3.6851,4.2563,4.521
2014/2/24,3.6679,4.2145,4.4909
2014/2/25,3.61,4.1843,4.4263
2014/2/26,3.5544,4.1345,4.4352
2014/2/27,3.5136,4.1167,4.3721
2014/2/28,3.6067,4.0835,4.3901
2014/3/3,3.5655,4.1049,4.4301
2014/3/4,3.5702,4.2143,4.4902
2014/3/5,3.6003,4.2102,4.49
2014/3/6,3.6174,4.231,4.4797
2014/3/7,3.6104,4.2186,4.4992
2014/3/10,3.6083,4.2313,4.4694
2014/3/11,3.5711,4.2126,4.4697
2014/3/12,3.5199,4.2022,4.4985
2014/3/13,3.4777,4.1751,4.4876
2014/3/14,3.4553,4.1829,4.4291
2014/3/17,3.4811,4.1794,4.4395
2014/3/18,3.4663,4.1684,4.4591
2014/3/19,3.5349,4.1563,4.4851
2014/3/20,3.5736,4.1953,4.48
2014/3/21,3.5523,4.1814,4.49
2014/3/24,3.5615,4.1509,4.4901
2014/3/25,3.4922,4.1622,4.485
2014/3/26,3.4601,4.1621,4.4851
2014/3/27,3.4092,4.1548,4.4852
2014/3/28,3.4046,4.1801,4.4901
2014/3/31,3.4035,4.2019,4.4803
2014/4/1,3.3931,4.1947,4.5
2014/4/2,3.4359,4.2034,4.5
2014/4/3,3.4367,4.2045,4.5296
2014/4/4,3.432,4.1972,4.5348
2014/4/8,3.4521,4.2045,4.5396
2014/4/9,3.5134,4.228,4.5303
2014/4/10,3.5984,4.2463,4.5352
2014/4/11,3.6181,4.2113,4.4906
2014/4/14,3.664,4.2077,4.4555
2014/4/15,3.679,4.1799,4.4317
2014/4/16,3.6933,4.1746,4.4324
2014/4/17,3.7004,4.1705,4.3545
2014/4/18,3.6978,4.112,4.312
2014/4/21,3.7072,4.1212,4.3325
2014/4/22,3.7145,4.1207,4.3259
2014/4/23,3.7069,4.1273,4.3511
2014/4/24,3.6991,4.1319,4.3617
2014/4/25,3.7283,4.1332,4.367
2014/4/28,3.7327,4.101,4.3532
2014/4/29,3.7249,4.0967,4.3602
2014/4/30,3.6971,4.0795,4.3399
2014/5/5,3.7121,4.1326,4.3286
2014/5/6,3.7203,4.1374,4.3157
2014/5/7,3.7129,4.1218,4.3119
2014/5/8,3.6829,4.1072,4.2857
2014/5/9,3.7123,4.0886,4.2091
2014/5/12,3.6712,4.0398,4.2003
2014/5/13,3.6702,4.0706,4.2205
2014/5/14,3.6831,4.1011,4.222
2014/5/15,3.716,4.131,4.2638
2014/5/16,3.6906,4.1029,4.2362
2014/5/19,3.7131,4.1056,4.2803
2014/5/20,3.7214,4.1287,4.251
2014/5/21,3.6762,4.0765,4.2313
2014/5/22,3.6918,4.082,4.2264
2014/5/23,3.6979,4.0532,4.2141
2014/5/26,3.7307,4.0528,4.1762
2014/5/27,3.7116,4.0618,4.1861
2014/5/28,3.6956,4.039,4.1757
2014/5/29,3.6801,4.0055,4.1368
2014/5/30,3.6885,3.9809,4.1189
2014/6/3,3.6606,3.9346,4.1052
2014/6/4,3.6153,3.9044,4.05
2014/6/5,3.5967,3.9073,4.071
2014/6/6,3.5967,3.9028,4.062
2014/6/9,3.6287,3.8939,4.0801
2014/6/10,3.5778,3.863,4.0843
2014/6/11,3.5792,3.8662,4.0718
2014/6/12,3.6088,3.8724,4.0491
2014/6/13,3.5795,3.8931,4.0697
2014/6/16,3.5804,3.8786,4.0528
2014/6/17,3.597,3.8655,4.0431
2014/6/18,3.601,3.8998,4.0657
2014/6/19,3.6022,3.8714,4.0547
2014/6/20,3.6291,3.8902,4.0678
2014/6/23,3.6225,3.8639,4.0397
2014/6/24,3.597,3.8931,4.0459
2014/6/25,3.5906,3.8815,4.0515
2014/6/26,3.6106,3.8814,4.0518
2014/6/27,3.5992,3.8818,4.051
2014/6/30,3.5942,3.881,4.0595
2014/7/1,3.6073,3.8973,4.0659
2014/7/2,3.6308,3.9295,4.091
2014/7/3,3.678,3.9655,4.14
2014/7/4,3.6831,4.0038,4.1499
2014/7/7,3.686,4.0036,4.1301
2014/7/8,3.6588,3.9874,4.1296
2014/7/9,3.638,3.9901,4.1201
2014/7/10,3.6792,3.9896,4.1201
2014/7/11,3.7021,3.9839,4.1299
2014/7/14,3.6907,3.9709,4.1198
2014/7/15,3.7315,4.0032,4.1501
2014/7/16,3.7163,4.0491,4.1706
2014/7/17,3.8271,4.0981,4.25
2014/7/18,3.8644,4.145,4.2758
2014/7/21,3.9621,4.0981,4.3
2014/7/22,3.9032,4.0854,4.2996
2014/7/23,3.8782,4.0952,4.27
2014/7/24,3.8612,4.0659,4.2901
2014/7/25,3.8894,4.0789,4.2597
2014/7/28,3.8713,4.0585,4.2701
2014/7/29,3.8886,4.0666,4.2701
2014/7/30,3.8904,4.0861,4.2649
2014/7/31,3.8934,4.077,4.2797
2014/8/1,3.8748,4.0745,4.26
2014/8/4,3.8715,4.0454,4.2601
2014/8/5,3.8566,4.0405,4.2601
2014/8/6,3.8582,4.0355,4.246
2014/8/7,3.8571,4.0254,4.2551
2014/8/8,3.8554,4.0296,4.2801
2014/8/11,3.8434,4.0373,4.2796
2014/8/12,3.8518,4.0671,4.2846
2014/8/13,3.8721,4.0157,4.2504
2014/8/14,3.8773,3.9967,4.2145
2014/8/15,3.873,3.9926,4.2092
2014/8/18,3.8881,3.9975,4.2096
2014/8/19,3.899,4.016,4.2296
2014/8/20,3.8995,4.0309,4.248
2014/8/21,3.9154,4.0614,4.2597
2014/8/22,3.9256,4.0517,4.2551
2014/8/25,3.9314,4.0657,4.2551
2014/8/26,3.9311,4.0657,4.24
2014/8/27,3.9217,4.0508,4.23
2014/8/28,3.907,4.0127,4.225
2014/8/29,3.9178,4.0002,4.2351
2014/9/1,3.9078,3.9797,4.24
2014/9/2,3.913,3.9735,4.2445
2014/9/3,3.9128,3.9777,4.2602
2014/9/4,3.9096,3.9908,4.2701
2014/9/5,3.9205,3.986,4.2846
2014/9/9,3.9222,3.9867,4.2795
2014/9/10,3.9375,3.9894,4.2892
2014/9/11,3.9421,4.0333,4.2847
2014/9/12,3.951,4.0442,4.2707
2014/9/15,3.9372,4.0307,4.255
2014/9/16,3.9462,4.0053,4.2599
2014/9/17,3.937,4.0213,4.2
2014/9/18,3.9178,4.0248,4.1699
2014/9/19,3.8797,3.9597,4.03
2014/9/22,3.8183,3.9114,4.01
2014/9/23,3.822,3.9257,4.0052
2014/9/24,3.844,3.8994,4.045
2014/9/25,3.8436,3.9613,4.021
2014/9/26,3.8251,3.9195,4.01
2014/9/29,3.8188,3.9107,3.9902
2014/9/30,3.8328,3.9207,3.9801
2014/10/8,3.8151,3.9101,4
2014/10/9,3.8292,3.9399,4.0035
2014/10/10,3.833,3.9404,4.015
2014/10/13,3.8121,3.8896,3.9979
2014/10/14,3.7453,3.8844,3.9097
2014/10/15,3.6459,3.7951,3.8387
2014/10/16,3.5994,3.738,3.7948
2014/10/17,3.6153,3.7069,3.8023
2014/10/20,3.5815,3.6606,3.7625
2014/10/21,3.5257,3.585,3.7403
2014/10/22,3.5157,3.5651,3.7703
2014/10/23,3.524,3.5705,3.8093
2014/10/24,3.5054,3.5666,3.79
2014/10/27,3.5133,3.5774,3.78
2014/10/28,3.4896,3.5872,3.7429
2014/10/29,3.4464,3.5523,3.7219
2014/10/30,3.433,3.5505,3.7605
2014/10/31,3.4207,3.5575,3.7601
2014/11/3,3.3946,3.5571,3.708
2014/11/4,3.3694,3.541,3.6698
2014/11/5,3.2818,3.5115,3.62
2014/11/6,3.2857,3.4746,3.6204
2014/11/7,3.2931,3.4675,3.5709
2014/11/10,3.2301,3.402,3.5361
2014/11/11,3.2162,3.2985,3.4797
2014/11/12,3.1851,3.3331,3.5104
2014/11/13,3.1894,3.4143,3.5644
2014/11/14,3.2128,3.4429,3.6493
2014/11/17,3.2242,3.4691,3.6502
2014/11/18,3.2525,3.4743,3.6024
2014/11/19,3.2533,3.4632,3.6394
2014/11/20,3.2516,3.4786,3.6457
2014/11/21,3.3294,3.5248,3.6888
2014/11/24,3.2154,3.3961,3.481
2014/11/25,3.2157,3.3549,3.4909
2014/11/26,3.1449,3.374,3.5442
2014/11/27,3.155,3.4039,3.5293
2014/11/28,3.1596,3.4043,3.5182
2014/12/1,3.1547,3.4127,3.4977
2014/12/2,3.1632,3.4441,3.5461
2014/12/3,3.191,3.4633,3.6009
2014/12/4,3.207,3.5309,3.6377
2014/12/5,3.2479,3.6423,3.7494
2014/12/8,3.2928,3.6864,3.7697
2014/12/9,3.3337,3.7071,3.823
2014/12/10,3.4379,3.6903,3.7747
2014/12/11,3.4203,3.6281,3.7371
2014/12/12,3.4096,3.6472,3.7343
2014/12/15,3.4236,3.6579,3.7699
2014/12/16,3.4411,3.6641,3.768
2014/12/17,3.409,3.6312,3.7494
2014/12/18,3.4334,3.6529,3.7522
2014/12/19,3.4234,3.6,3.7179
2014/12/22,3.4062,3.5861,3.6745
2014/12/23,3.4275,3.5842,3.6898
2014/12/24,3.4242,3.5316,3.6899
2014/12/25,3.3856,3.535,3.6451
2014/12/26,3.3831,3.531,3.7116
2014/12/29,3.4692,3.5427,3.6552
2014/12/30,3.4261,3.5271,3.613
2014/12/31,3.3519,3.5292,3.6176
2015/1/5,3.347,3.5314,3.6651
2015/1/6,3.3669,3.5332,3.6349
2015/1/7,3.3729,3.5032,3.6543
2015/1/8,3.277,3.4979,3.6616
2015/1/9,3.319,3.5099,3.634
2015/1/12,3.3609,3.5057,3.63
2015/1/13,3.3336,3.4737,3.6076
2015/1/14,3.3111,3.4444,3.5849
2015/1/15,3.2568,3.4367,3.5191
2015/1/16,3.2296,3.4062,3.5032
2015/1/19,3.2388,3.3978,3.4761
2015/1/20,3.2416,3.3868,3.4573
2015/1/21,3.2428,3.3899,3.4684
2015/1/22,3.2378,3.3676,3.4508
2015/1/23,3.2139,3.3454,3.4416
2015/1/26,3.2093,3.3263,3.4342
2015/1/27,3.1928,3.3205,3.4261
2015/1/28,3.1847,3.3502,3.4409
2015/1/29,3.2121,3.3735,3.4467
2015/1/30,3.2056,3.4063,3.4707
2015/2/2,3.2023,3.3887,3.4682
2015/2/3,3.2109,3.3714,3.4407
2015/2/4,3.2062,3.3755,3.412
2015/2/5,3.1597,3.3264,3.3782
2015/2/6,3.1949,3.3293,3.4307
2015/2/9,3.1792,3.3255,3.4269
2015/2/10,3.159,3.3131,3.4182
2015/2/11,3.163,3.2925,3.4091
2015/2/12,3.1397,3.2613,3.3796
2015/2/13,3.1513,3.2392,3.3732
2015/2/16,3.146,3.221,3.3439
2015/2/17,3.1245,3.2079,3.3017
2015/2/25,3.1476,3.1982,3.3031
2015/2/26,3.1453,3.2204,3.309
2015/2/27,3.159,3.2196,3.3365
2015/3/2,3.14,3.2255,3.3413
2015/3/3,3.1732,3.2258,3.3998
2015/3/4,3.1875,3.2322,3.4086
2015/3/5,3.1957,3.2616,3.4342
2015/3/6,3.2314,3.3027,3.4786
2015/3/9,3.2563,3.3099,3.495
2015/3/10,3.2359,3.3283,3.4881
2015/3/11,3.2409,3.3412,3.4504
2015/3/12,3.2352,3.298,3.4275
2015/3/13,3.2101,3.291,3.4732
2015/3/16,3.2277,3.3036,3.4994
2015/3/17,3.2575,3.3357,3.5395
2015/3/18,3.2397,3.3369,3.5022
2015/3/19,3.2438,3.338,3.5304
2015/3/20,3.2313,3.3165,3.495
2015/3/23,3.2394,3.289,3.492
2015/3/24,3.2481,3.3015,3.4879
2015/3/25,3.2264,3.3163,3.4951
2015/3/26,3.2476,3.3288,3.5272
2015/3/27,3.2793,3.3671,3.5619
2015/3/30,3.2889,3.3684,3.5847
2015/3/31,3.3726,3.4523,3.63
2015/4/1,3.3382,3.4659,3.6296
2015/4/2,3.3335,3.4361,3.5516
2015/4/3,3.2872,3.3612,3.5437
2015/4/7,3.2808,3.3809,3.555
2015/4/8,3.2568,3.4031,3.6338
2015/4/9,3.2612,3.4244,3.6983
2015/4/10,3.2883,3.4521,3.6764
2015/4/13,3.2489,3.4398,3.6817
2015/4/14,3.2792,3.4392,3.645
2015/4/15,3.2574,3.4447,3.6117
2015/4/16,3.2037,3.4009,3.5708
2015/4/17,3.2024,3.3929,3.5642
2015/4/20,3.1674,3.3293,3.4881
2015/4/21,3.1234,3.2685,3.398
2015/4/22,3.1235,3.2706,3.4034
2015/4/23,3.0892,3.2848,3.4206
2015/4/24,3.087,3.2873,3.4408
2015/4/27,3.1329,3.2941,3.4073
2015/4/28,3.0948,3.2732,3.3867
2015/4/29,3.0813,3.2511,3.3979
2015/4/30,3.0949,3.2591,3.3673
2015/5/4,3.0629,3.26,3.3774
2015/5/5,3.0318,3.2653,3.3945
2015/5/6,3.0247,3.289,3.4102
2015/5/7,3.0484,3.2787,3.4577
2015/5/8,3.002,3.2305,3.3892
2015/5/11,2.976,3.2127,3.3708
2015/5/12,2.9091,3.1732,3.389
2015/5/13,2.8836,3.0961,3.3873
2015/5/14,2.7217,3.0678,3.3628
2015/5/15,2.5976,3.0019,3.3599
2015/5/18,2.6317,2.9996,3.3783
2015/5/19,2.6757,3.0613,3.4231
2015/5/20,2.6751,3.0635,3.4171
2015/5/21,2.7217,3.0721,3.4115
2015/5/22,2.7034,3.0874,3.4177
2015/5/25,2.6523,3.1098,3.4236
2015/5/26,2.6401,3.1468,3.4908
2015/5/27,2.6043,3.1449,3.4922
2015/5/28,2.5835,3.2001,3.5362
2015/5/29,2.5914,3.2642,3.5969
2015/6/1,2.5805,3.2753,3.6253
2015/6/2,2.5773,3.2432,3.601
2015/6/3,2.5805,3.193,3.6049
2015/6/4,2.5437,3.2008,3.5868
2015/6/5,2.5036,3.1894,3.5868
2015/6/8,2.5308,3.1971,3.5689
2015/6/9,2.5098,3.1805,3.5517
2015/6/10,2.4887,3.1943,3.5736
2015/6/11,2.484,3.2084,3.6132
2015/6/12,2.5015,3.2531,3.6168
2015/6/15,2.4877,3.223,3.6359
2015/6/16,2.4615,3.2341,3.6242
2015/6/17,2.4904,3.2312,3.6114
2015/6/18,2.5147,3.2005,3.5862
2015/6/19,2.4268,3.1741,3.5739
2015/6/23,2.4732,3.1814,3.6152
2015/6/24,2.3728,3.2131,3.5727
2015/6/25,2.4182,3.1958,3.6129
2015/6/26,2.3464,3.2039,3.5979
2015/6/29,2.4629,3.1993,3.5779
2015/6/30,2.481,3.1901,3.6054
2015/7/1,2.5404,3.1716,3.6047
2015/7/2,2.4602,3.1727,3.6093
2015/7/3,2.3609,3.217,3.5918
2015/7/6,2.4161,3.1534,3.518
2015/7/7,2.4762,3.0993,3.4572
2015/7/8,2.4167,3.082,3.4095
2015/7/9,2.5421,3.0993,3.4419
2015/7/10,2.5028,3.0995,3.4783
2015/7/13,2.5428,3.1128,3.4901
2015/7/14,2.5501,3.2301,3.5378
2015/7/15,2.5561,3.1419,3.5454
2015/7/16,2.5482,3.1396,3.5293
2015/7/17,2.5667,3.139,3.5148
2015/7/20,2.6147,3.1379,3.5123
2015/7/21,2.5906,3.1235,3.5239
2015/7/22,2.6124,3.1415,3.5314
2015/7/23,2.5748,3.1331,3.4954
2015/7/24,2.5238,3.1368,3.4671
2015/7/27,2.5312,3.1478,3.4718
2015/7/28,2.5362,3.1331,3.4423
2015/7/29,2.5295,3.0927,3.4488
2015/7/30,2.5123,3.1528,3.4234
2015/7/31,2.5968,3.1585,3.4505
2015/8/3,2.5558,3.1653,3.4721
2015/8/4,2.6239,3.1781,3.4559
2015/8/5,2.5746,3.1634,3.4549
2015/8/6,2.5523,3.1811,3.4749
2015/8/7,2.5519,3.1442,3.4615
2015/8/10,2.5233,3.1451,3.455
2015/8/11,2.5285,3.1671,3.4997
2015/8/12,2.6312,3.227,3.5348
2015/8/13,2.5478,3.253,3.5264
2015/8/14,2.579,3.2275,3.5103
2015/8/17,2.6775,3.2326,3.5031
2015/8/18,2.5718,3.2409,3.5101
2015/8/19,2.6071,3.2356,3.517
2015/8/20,2.5584,3.2396,3.5252
2015/8/21,2.5654,3.2552,3.4959
2015/8/24,2.5093,3.2232,3.4943
2015/8/25,2.5218,3.1929,3.4587
2015/8/26,2.5712,3.1706,3.4374
2015/8/27,2.5725,3.155,3.4061
2015/8/28,2.6863,3.1334,3.385
2015/8/31,2.6129,3.114,3.3536
2015/9/1,2.6822,3.1547,3.2934
2015/9/2,2.6909,3.1052,3.3114
2015/9/7,2.716,3.1517,3.3054
2015/9/8,2.636,3.1594,3.352
2015/9/9,2.6661,3.1442,3.3395
2015/9/10,2.6555,3.1618,3.3593
2015/9/11,2.6292,3.166,3.3409
2015/9/14,2.6668,3.1833,3.3302
2015/9/15,2.5915,3.1571,3.3239
2015/9/16,2.6273,3.1631,3.3015
2015/9/17,2.748,3.1514,3.3113
2015/9/18,2.7274,3.1502,3.3242
2015/9/21,2.7909,3.1584,3.3186
2015/9/22,2.7996,3.1504,3.3278
2015/9/23,2.7986,3.1501,3.3286
2015/9/24,2.8269,3.1455,3.3255
2015/9/25,2.8368,3.1437,3.3197
2015/9/28,2.847,3.1187,3.2956
2015/9/29,2.819,3.0827,3.265
2015/9/30,2.8565,3.0679,3.2475
2015/10/8,2.8479,3.0663,3.2363
2015/10/9,2.8151,3.0123,3.1963
2015/10/12,2.7832,2.9648,3.1466
2015/10/13,2.7846,2.9574,3.1321
2015/10/14,2.7536,3.0156,3.0562
2015/10/15,2.7674,2.932,3.0642
2015/10/16,2.7635,2.9553,3.1009
2015/10/19,2.7596,3.0055,3.1091
2015/10/20,2.7598,2.9436,3.0776
2015/10/21,2.746,2.927,3.0347
2015/10/22,2.744,2.8999,3.0568
2015/10/23,2.7216,2.8895,3.0331
2015/10/26,2.7251,2.868,3.0206
2015/10/27,2.697,2.8347,2.9845
2015/10/28,2.6715,2.8008,2.9832
2015/10/29,2.6173,2.8744,3.0305
2015/10/30,2.6703,2.8796,3.0418
2015/11/2,2.6805,2.9342,3.0533
2015/11/3,2.6952,2.8963,3.0659
2015/11/4,2.69,2.9232,3.0812
2015/11/5,2.6857,2.9356,3.1356
2015/11/6,2.7055,2.9382,3.1195
2015/11/9,2.7564,3.0071,3.1424
2015/11/10,2.7746,3.0507,3.2206
2015/11/11,2.7796,3.027,3.1776
2015/11/12,2.7685,3.0069,3.1531
2015/11/13,2.7629,2.9614,3.1285
2015/11/16,2.7777,2.9691,3.1305
2015/11/17,2.7872,2.9837,3.1398
2015/11/18,2.7808,2.9944,3.1416
2015/11/19,2.7836,2.9941,3.1546
2015/11/20,2.7672,2.987,3.1439
2015/11/23,2.7671,2.9858,3.1304
2015/11/24,2.7776,3.0051,3.1359
2015/11/25,2.7626,2.9452,3.0945
2015/11/26,2.7885,2.9443,3.0573
2015/11/27,2.7681,2.899,3.0646
2015/11/30,2.7664,2.8972,3.0557
2015/12/1,2.7465,2.9089,3.0423
2015/12/2,2.7498,2.8768,3.053
2015/12/3,2.7473,2.9344,3.0461
2015/12/4,2.6541,2.9167,3.0244
2015/12/7,2.6711,2.8559,3.0377
2015/12/8,2.6542,2.8902,3.0103
2015/12/9,2.6638,2.9076,3.0552
2015/12/10,2.6875,2.8297,3.0107
2015/12/11,2.6969,2.8157,2.9921
2015/12/14,2.6969,2.8297,3.0099
2015/12/15,2.6528,2.8468,3.034
2015/12/16,2.6446,2.8462,3.0097
2015/12/17,2.6639,2.8668,3.0018
2015/12/18,2.6148,2.8346,2.9689
2015/12/21,2.6649,2.8562,2.9122
2015/12/22,2.5686,2.6876,2.8673
2015/12/23,2.5204,2.6802,2.8656
2015/12/24,2.5133,2.7206,2.8747
2015/12/25,2.5269,2.6612,2.8133
2015/12/28,2.4849,2.6447,2.7987
2015/12/29,2.4694,2.6686,2.808
2015/12/30,2.4784,2.6624,2.8042
2015/12/31,2.4626,2.675,2.8341
2016/1/4,2.4796,2.7146,2.8567
2016/1/5,2.5232,2.7602,2.8883
2016/1/6,2.5458,2.7403,2.8954
2016/1/7,2.5318,2.7316,2.8343
2016/1/8,2.5175,2.7441,2.8325
2016/1/11,2.5038,2.7338,2.8164
2016/1/12,2.5064,2.7202,2.7849
2016/1/13,2.5079,2.6821,2.7371
2016/1/14,2.506,2.6284,2.7204
2016/1/15,2.4593,2.631,2.7408
2016/1/18,2.5186,2.5996,2.7718
2016/1/19,2.467,2.6435,2.7846
2016/1/20,2.5202,2.6856,2.8067
2016/1/21,2.5391,2.6951,2.7895
2016/1/22,2.5264,2.6082,2.7649
2016/1/25,2.5205,2.6736,2.8329
2016/1/26,2.5828,2.6945,2.8394
2016/1/27,2.4587,2.7104,2.8943
2016/1/28,2.5546,2.7232,2.8927
2016/1/29,2.564,2.7131,2.8382
2016/2/1,2.5581,2.7055,2.8606
2016/2/2,2.5561,2.681,2.837
2016/2/3,2.5818,2.7067,2.8471
2016/2/4,2.5734,2.7006,2.841
2016/2/5,2.533,2.7172,2.8544
2016/2/15,2.5117,2.6827,2.8427
2016/2/16,2.5433,2.6587,2.8504
2016/2/17,2.5308,2.6468,2.8407
2016/2/18,2.5279,2.6708,2.8415
2016/2/19,2.5279,2.6227,2.8161
2016/2/22,2.5247,2.6472,2.8183
2016/2/23,2.5036,2.6415,2.8482
2016/2/24,2.5086,2.6504,2.8535
2016/2/25,2.5134,2.6665,2.8551
2016/2/26,2.5067,2.6385,2.8684
2016/2/29,2.4934,2.6492,2.846
2016/3/1,2.4628,2.6247,2.8439
2016/3/2,2.4633,2.6018,2.8593
2016/3/3,2.4679,2.6171,2.8734
2016/3/4,2.498,2.628,2.8834
2016/3/7,2.4765,2.6388,2.9053
2016/3/8,2.4758,2.6425,2.9402
2016/3/9,2.483,2.6504,2.9067
2016/3/10,2.4602,2.6123,2.8662
2016/3/11,2.4659,2.575,2.8504
2016/3/14,2.4581,2.5759,2.8623
2016/3/15,2.4129,2.5686,2.8549
2016/3/16,2.385,2.5599,2.8255
2016/3/17,2.3472,2.545,2.8409
2016/3/18,2.3221,2.5418,2.8191
2016/3/21,2.3031,2.5465,2.8182
2016/3/22,2.2837,2.5408,2.8384
2016/3/23,2.2733,2.5447,2.8369
2016/3/24,2.273,2.5183,2.8267
2016/3/25,2.2573,2.5052,2.8497
2016/3/28,2.2668,2.5141,2.8916
2016/3/29,2.2645,2.49,2.8649
2016/3/30,2.2692,2.4722,2.8357
2016/3/31,2.2222,2.4452,2.8306
2016/4/1,2.3118,2.4599,2.836
2016/4/5,2.3057,2.4732,2.8408
2016/4/6,2.3054,2.4772,2.8607
2016/4/7,2.3048,2.4905,2.885
2016/4/8,2.3215,2.4824,2.9097
2016/4/11,2.303,2.4929,2.8937
2016/4/12,2.3627,2.5006,2.9022
2016/4/13,2.3659,2.5555,2.9098
2016/4/14,2.3771,2.5779,2.9258
2016/4/15,2.408,2.6208,2.9126
2016/4/18,2.378,2.6413,2.8989
2016/4/19,2.3762,2.6444,2.9026
2016/4/20,2.3974,2.6988,2.9297
2016/4/21,2.407,2.6923,2.9277
2016/4/22,2.3997,2.6999,2.925
2016/4/25,2.4158,2.729,2.9227
2016/4/26,2.5549,2.7852,2.9246
2016/4/27,2.5601,2.738,2.9146
2016/4/28,2.5627,2.7372,2.887
2016/4/29,2.5487,2.7386,2.8883
2016/5/3,2.4551,2.7114,2.8882
2016/5/4,2.507,2.7209,2.8922
2016/5/5,2.5194,2.7189,2.8926
2016/5/6,2.5171,2.7193,2.8975
2016/5/9,2.5398,2.6934,2.9241
2016/5/10,2.5171,2.6835,2.905
2016/5/11,2.5102,2.7,2.9054
2016/5/12,2.4811,2.7032,2.905
2016/5/13,2.4938,2.6989,2.9032
2016/5/16,2.4382,2.7097,2.9176
2016/5/17,2.4967,2.7138,2.9303
2016/5/18,2.5073,2.7324,2.9486
2016/5/19,2.5136,2.7689,2.9525
2016/5/20,2.4629,2.7472,2.9446
2016/5/23,2.4207,2.7439,2.9374
2016/5/24,2.4298,2.7416,2.9436
2016/5/25,2.4456,2.7415,2.9341
2016/5/26,2.4681,2.7397,2.9368
2016/5/27,2.4721,2.7471,2.937
2016/5/30,2.3927,2.751,2.9506
2016/5/31,2.5564,2.7488,2.9848
2016/6/1,2.4248,2.7461,2.9673
2016/6/2,2.4367,2.7487,2.9905
2016/6/3,2.4842,2.7708,3.0223
2016/6/6,2.4817,2.7619,3.0112
2016/6/7,2.4954,2.7617,3.0035
2016/6/8,2.5168,2.7782,3.0023
2016/6/13,2.5481,2.7862,3.003
2016/6/14,2.5252,2.7927,2.968
2016/6/15,2.472,2.7765,2.9777
2016/6/16,2.5203,2.7954,2.9462
2016/6/17,2.5263,2.7594,2.9623
2016/6/20,2.5228,2.759,2.9482
2016/6/21,2.5238,2.765,2.9498
2016/6/22,2.5396,2.7463,2.9339
2016/6/23,2.5308,2.737,2.9228
2016/6/24,2.5177,2.7166,2.9093
2016/6/27,2.5235,2.675,2.8416
2016/6/28,2.5456,2.6664,2.8196
2016/6/29,2.5323,2.6768,2.852
2016/6/30,2.5225,2.6765,2.8555
2016/7/1,2.5154,2.6542,2.8128
2016/7/4,2.5248,2.6475,2.8122
2016/7/5,2.5164,2.6718,2.8366
2016/7/6,2.5039,2.6751,2.8365
2016/7/7,2.4742,2.6457,2.8094
2016/7/8,2.4696,2.635,2.8005
2016/7/11,2.4681,2.6444,2.8185
2016/7/12,2.4721,2.6466,2.83
2016/7/13,2.4286,2.6967,2.8362
2016/7/14,2.4654,2.6798,2.8397
2016/7/15,2.4669,2.6722,2.8383
2016/7/18,2.4475,2.6721,2.824
2016/7/19,2.4357,2.6583,2.8212
2016/7/20,2.4099,2.6522,2.8047
2016/7/21,2.395,2.6225,2.7649
2016/7/22,2.3962,2.6075,2.7874
2016/7/25,2.3974,2.6042,2.7897
2016/7/26,2.4142,2.5912,2.7986
2016/7/27,2.4014,2.578,2.7824
2016/7/28,2.3946,2.578,2.788
2016/7/29,2.3863,2.5836,2.7702
2016/8/1,2.385,2.5793,2.7735
2016/8/2,2.3541,2.5815,2.7822
2016/8/3,2.3497,2.5868,2.7722
2016/8/4,2.3395,2.5741,2.772
2016/8/5,2.3311,2.5744,2.7626
2016/8/8,2.3297,2.5639,2.7489
2016/8/9,2.2991,2.5361,2.7349
2016/8/10,2.2881,2.5075,2.6927
2016/8/11,2.2972,2.4897,2.691
2016/8/12,2.288,2.4912,2.6855
2016/8/15,2.2637,2.465,2.6459
2016/8/16,2.2515,2.4694,2.6423
2016/8/17,2.2549,2.4894,2.6808
2016/8/18,2.2435,2.5185,2.6773
2016/8/19,2.2625,2.513,2.6964
2016/8/22,2.2681,2.5101,2.701
2016/8/23,2.2792,2.5125,2.6954
2016/8/24,2.2828,2.549,2.7294
2016/8/25,2.3016,2.5288,2.7143
2016/8/26,2.2843,2.5587,2.7066
2016/8/29,2.3065,2.5357,2.7015
2016/8/30,2.3041,2.5568,2.7334
2016/8/31,2.3136,2.5548,2.7426
2016/9/1,2.2923,2.5604,2.7358
2016/9/2,2.2925,2.5566,2.7381
2016/9/5,2.3011,2.5752,2.7509
2016/9/6,2.3143,2.5848,2.7639
2016/9/7,2.3218,2.5862,2.7648
2016/9/8,2.3331,2.5814,2.7791
2016/9/9,2.3332,2.5791,2.7767
2016/9/12,2.3316,2.5902,2.7987
2016/9/13,2.3324,2.5931,2.7732
2016/9/14,2.3404,2.5997,2.7582
2016/9/19,2.3305,2.5841,2.7575
2016/9/20,2.3373,2.5735,2.7514
2016/9/21,2.3349,2.5956,2.753
2016/9/22,2.3112,2.5895,2.7638
2016/9/23,2.3192,2.5745,2.7401
2016/9/26,2.3075,2.5684,2.7277
2016/9/27,2.3162,2.5665,2.7249
2016/9/28,2.2915,2.5692,2.7285
2016/9/29,2.3162,2.5652,2.7237
2016/9/30,2.3175,2.5801,2.7377
2016/10/10,2.3012,2.5178,2.7181
2016/10/11,2.3181,2.515,2.7033
2016/10/12,2.3403,2.5359,2.6813
2016/10/13,2.2997,2.5278,2.7142
2016/10/14,2.2882,2.4985,2.7009
2016/10/17,2.2899,2.4773,2.6951
2016/10/18,2.2805,2.4793,2.6963
2016/10/19,2.2723,2.4583,2.6917
2016/10/20,2.2508,2.4311,2.6494
2016/10/21,2.236,2.4275,2.6421
2016/10/24,2.2475,2.4302,2.6479
2016/10/25,2.2618,2.4327,2.6873
2016/10/26,2.277,2.473,2.7095
2016/10/27,2.2906,2.4481,2.7149
2016/10/28,2.2915,2.4375,2.7032
2016/10/31,2.286,2.4592,2.7232
2016/11/1,2.2925,2.4338,2.7512
2016/11/2,2.3052,2.4544,2.7424
2016/11/3,2.3042,2.4535,2.7315
2016/11/4,2.2958,2.4561,2.7291
2016/11/7,2.2934,2.465,2.7479
2016/11/8,2.2869,2.4844,2.7737
2016/11/9,2.2795,2.5015,2.7699
2016/11/10,2.292,2.496,2.7919
2016/11/11,2.2896,2.5082,2.7993
2016/11/14,2.2757,2.5864,2.846
2016/11/15,2.3241,2.6009,2.8648
2016/11/16,2.3242,2.6347,2.8646
2016/11/17,2.3134,2.6676,2.8805
2016/11/18,2.3203,2.6708,2.8992
2016/11/21,2.3721,2.6731,2.892
2016/11/22,2.317,2.6776,2.8661
2016/11/23,2.3476,2.6616,2.8747
2016/11/24,2.3656,2.6532,2.848
2016/11/25,2.3774,2.6613,2.8612
2016/11/28,2.3878,2.6567,2.8613
2016/11/29,2.4062,2.6915,2.8948
2016/11/30,2.381,2.7002,2.9496
2016/12/1,2.4192,2.7402,2.9571
2016/12/2,2.5341,2.7751,2.9998
2016/12/5,2.4948,2.7509,3.0004
2016/12/6,2.4843,2.8332,3.0187
2016/12/7,2.5677,2.8889,3.0709
2016/12/8,2.5854,2.9024,3.0929
2016/12/9,2.5905,2.8865,3.0779
2016/12/12,2.6416,2.8948,3.1499
2016/12/13,2.6488,2.9417,3.1589
2016/12/14,2.7434,2.942,3.1821
2016/12/15,2.9912,3.1083,3.3355
2016/12/16,2.918,3.0933,3.2779
2016/12/19,3.1075,3.1179,3.3456
2016/12/20,3.0939,3.203,3.3932
2016/12/21,3.0707,3.1556,3.2926
2016/12/22,3.0157,3.0628,3.195
2016/12/23,2.9403,3.0207,3.1689
2016/12/26,2.9112,2.9373,3.1446
2016/12/27,2.8896,2.9355,3.1361
2016/12/28,2.8815,2.942,3.1599
2016/12/29,2.7505,2.9179,3.0593
2016/12/30,2.6998,2.8854,3.0161
2017/1/3,2.7661,2.9133,3.1036
2017/1/4,2.8179,2.9057,3.1478
2017/1/5,2.8282,2.9538,3.2064
2017/1/6,2.8291,2.9369,3.2033
2017/1/9,2.8188,2.9532,3.1816
2017/1/10,2.7928,2.9391,3.1615
2017/1/11,2.8121,2.9325,3.2078
2017/1/12,2.7826,2.9725,3.1954
2017/1/13,2.7741,2.9551,3.1995
2017/1/16,2.7334,2.9529,3.2236
2017/1/17,2.7561,3.0155,3.2637
2017/1/18,2.758,2.9878,3.267
2017/1/19,2.7388,2.974,3.2543
2017/1/20,2.7441,2.979,3.2346
2017/1/23,2.7282,2.9576,3.2406
2017/1/24,2.7428,2.9533,3.2745
2017/1/25,2.7807,2.9904,3.3383
2017/1/26,2.8092,3.0228,3.3447
2017/2/3,2.7841,3.0385,3.4076
2017/2/6,2.881,3.0937,3.4659
2017/2/7,2.9128,3.1281,3.4716
2017/2/8,2.9366,3.116,3.4532
2017/2/9,2.9551,3.0779,3.4054
2017/2/10,2.9527,3.0381,3.4257
2017/2/13,2.9349,3.0675,3.4114
2017/2/14,2.9355,3.0464,3.4334
2017/2/15,2.9143,3.0671,3.4311
2017/2/16,2.8823,3.0695,3.3913
2017/2/17,2.8765,3.0392,3.3532
2017/2/20,2.8091,2.9979,3.292
2017/2/21,2.8454,3.0275,3.3039
2017/2/22,2.817,3.0086,3.3117
2017/2/23,2.812,3.0135,3.2963
2017/2/24,2.8075,3.0099,3.3014
2017/2/27,2.824,2.9983,3.2938
2017/2/28,2.8311,3.0037,3.2941
2017/3/1,2.8371,3.0232,3.3269
2017/3/2,2.8128,3.0282,3.3513
2017/3/3,2.8695,3.0446,3.3573
2017/3/6,2.8821,3.0409,3.3698
2017/3/7,2.8732,3.047,3.3674
2017/3/8,2.8938,3.0469,3.3901
2017/3/9,2.924,3.1239,3.4084
2017/3/10,2.9007,3.125,3.4212
2017/3/13,2.8808,3.1173,3.4058
2017/3/14,2.8932,3.1202,3.3696
2017/3/15,2.8965,3.1107,3.365
2017/3/16,2.8886,3.0906,3.2945
2017/3/17,2.9003,3.0976,3.3207
2017/3/20,2.9157,3.1064,3.3141
2017/3/21,2.9389,3.13,3.3352
2017/3/22,2.9173,3.1401,3.3146
2017/3/23,2.9704,3.1197,3.3159
2017/3/24,2.9698,3.1063,3.2617
2017/3/27,2.9479,3.0886,3.2509
2017/3/28,2.9413,3.0776,3.2494
2017/3/29,2.9337,3.0748,3.2722
2017/3/30,2.9345,3.0932,3.2861
2017/3/31,2.9189,3.0818,3.2795
2017/4/5,2.9546,3.1045,3.3159
2017/4/6,3.0027,3.1071,3.325
2017/4/7,2.9934,3.1058,3.2904
2017/4/10,3.0082,3.1032,3.3156
2017/4/11,2.9984,3.1106,3.326
2017/4/12,3.0126,3.1373,3.3257
2017/4/13,3.0252,3.1573,3.326
2017/4/14,3.0229,3.1624,3.3685
2017/4/17,3.0488,3.235,3.41
2017/4/18,3.0875,3.2799,3.4098
2017/4/19,3.1102,3.2557,3.4047
2017/4/20,3.1125,3.2684,3.4186
2017/4/21,3.1169,3.2975,3.4459
2017/4/24,3.1316,3.377,3.4806
2017/4/25,3.1532,3.323,3.4551
2017/4/26,3.1768,3.3349,3.4573
2017/4/27,3.2075,3.3377,3.455
2017/4/28,3.2101,3.3433,3.4608
2017/5/2,3.1949,3.3467,3.4612
2017/5/3,3.2997,3.4269,3.5057
2017/5/4,3.3386,3.4346,3.5523
2017/5/5,3.4231,3.4759,3.5598
2017/5/8,3.4448,3.5334,3.6002
2017/5/9,3.4951,3.5292,3.6375
2017/5/10,3.5146,3.6183,3.6897
2017/5/11,3.5408,3.6431,3.6282
2017/5/12,3.5543,3.6701,3.6508
2017/5/15,3.567,3.6288,3.6074
2017/5/16,3.5779,3.6481,3.6166
2017/5/17,3.5895,3.6639,3.6219
2017/5/18,3.6312,3.6555,3.5962
2017/5/19,3.6259,3.6732,3.6195
2017/5/22,3.6653,3.7017,3.6593
2017/5/23,3.6657,3.7073,3.6703
2017/5/24,3.6423,3.6592,3.6621
2017/5/25,3.6356,3.6444,3.6532
2017/5/26,3.5997,3.6634,3.6485
2017/5/31,3.5526,3.594,3.6208
2017/6/1,3.5722,3.5627,3.6152
2017/6/2,3.5807,3.5772,3.6287
2017/6/5,3.5896,3.5803,3.6134
2017/6/6,3.5842,3.5799,3.6306
2017/6/7,3.6051,3.6039,3.6428
2017/6/8,3.6071,3.6242,3.6535
2017/6/9,3.6411,3.6263,3.629
2017/6/12,3.6404,3.5876,3.5856
2017/6/13,3.5882,3.5601,3.5643
2017/6/14,3.583,3.5497,3.5523
2017/6/15,3.5814,3.55,3.56
2017/6/16,3.5959,3.5697,3.5591
2017/6/19,3.5443,3.5388,3.509
2017/6/20,3.5148,3.4919,3.4947
2017/6/21,3.5011,3.5147,3.5303
2017/6/22,3.513,3.5352,3.5503
2017/6/23,3.5282,3.546,3.5446
2017/6/26,3.5084,3.5098,3.511
2017/6/27,3.4686,3.475,3.4987
2017/6/28,3.4584,3.4663,3.5351
2017/6/29,3.4833,3.4759,3.5335
2017/6/30,3.4793,3.4963,3.5689
2017/7/3,3.5099,3.5229,3.5808
2017/7/4,3.4917,3.5271,3.6069
2017/7/5,3.4926,3.5191,3.5854
2017/7/6,3.4729,3.4938,3.5659
2017/7/7,3.4733,3.4858,3.5917
2017/7/10,3.4748,3.4966,3.5934
2017/7/11,3.478,3.5059,3.5887
2017/7/12,3.4767,3.5114,3.5738
2017/7/13,3.4707,3.5136,3.5589
2017/7/14,3.4705,3.512,3.5642
2017/7/17,3.4626,3.4804,3.5591
2017/7/18,3.4793,3.5198,3.5888
2017/7/19,3.4771,3.5147,3.5867
2017/7/20,3.4588,3.5085,3.5734
2017/7/21,3.46,3.5103,3.585
2017/7/24,3.4516,3.5095,3.5774
2017/7/25,3.4538,3.5182,3.5941
2017/7/26,3.472,3.5415,3.6173
2017/7/27,3.4618,3.5401,3.6019
2017/7/28,3.4628,3.5439,3.6008
2017/7/31,3.445,3.5631,3.6229
2017/8/1,3.4655,3.5758,3.6376
2017/8/2,3.4475,3.5704,3.6306
2017/8/3,3.4362,3.5666,3.6226
2017/8/4,3.4285,3.5639,3.6248
2017/8/7,3.4268,3.5919,3.6581
2017/8/8,3.4275,3.6047,3.6557
2017/8/9,3.4179,3.6378,3.6549
2017/8/10,3.3984,3.624,3.6449
2017/8/11,3.4131,3.5957,3.6174
2017/8/14,3.4,3.5691,3.595
2017/8/15,3.4035,3.5721,3.5775
2017/8/16,3.4045,3.5868,3.5949
2017/8/17,3.4088,3.5913,3.6
2017/8/18,3.4084,3.5881,3.59
2017/8/21,3.4269,3.5988,3.6151
2017/8/22,3.4086,3.6036,3.6148
2017/8/23,3.4836,3.595,3.6155
2017/8/24,3.4106,3.6086,3.6253
2017/8/25,3.5006,3.6105,3.6288
2017/8/28,3.5194,3.6348,3.6502
2017/8/29,3.5147,3.6263,3.6427
2017/8/30,3.494,3.6242,3.6305
2017/8/31,3.5063,3.6148,3.6228
2017/9/1,3.522,3.6195,3.6331
2017/9/4,3.5061,3.6291,3.65
2017/9/5,3.4942,3.6404,3.6675
2017/9/6,3.5602,3.6515,3.6516
2017/9/7,3.5353,3.6406,3.6278
2017/9/8,3.5107,3.6041,3.6107
2017/9/11,3.491,3.5892,3.616
2017/9/12,3.5085,3.592,3.6143
2017/9/13,3.5081,3.6252,3.6309
2017/9/14,3.5123,3.5929,3.5963
2017/9/15,3.5033,3.5922,3.5955
2017/9/18,3.5161,3.6229,3.6071
2017/9/19,3.5059,3.6287,3.6098
2017/9/20,3.5341,3.627,3.6188
2017/9/21,3.535,3.6406,3.6258
2017/9/22,3.5216,3.6328,3.6278
2017/9/25,3.5105,3.6006,3.6239
2017/9/26,3.5081,3.6063,3.6162
2017/9/27,3.5312,3.6191,3.6204
2017/9/28,3.5244,3.6319,3.616
2017/9/29,3.4998,3.6012,3.614
2017/10/9,3.5253,3.6313,3.6514
2017/10/10,3.5357,3.6338,3.6463
2017/10/11,3.535,3.6409,3.6533
2017/10/12,3.527,3.6666,3.6724
2017/10/13,3.5408,3.6644,3.6811
2017/10/16,3.5319,3.7213,3.7067
2017/10/17,3.5497,3.7667,3.7411
2017/10/18,3.5457,3.7609,3.7259
2017/10/19,3.5458,3.74,3.7166
2017/10/20,3.5448,3.7325,3.7223
2017/10/23,3.5531,3.7005,3.7222
2017/10/24,3.55,3.7101,3.7215
2017/10/25,3.546,3.761,3.7806
2017/10/26,3.5929,3.7509,3.7763
2017/10/27,3.5683,3.8184,3.8323
2017/10/30,3.5796,3.9195,3.9164
2017/10/31,3.6582,3.8789,3.8911
2017/11/1,3.6144,3.8466,3.8648
2017/11/2,3.6417,3.8801,3.8701
2017/11/3,3.6422,3.9016,3.892
2017/11/6,3.6491,3.8809,3.8554
2017/11/7,3.6491,3.9133,3.8856
2017/11/8,3.6318,3.9249,3.8882
2017/11/9,3.6522,3.8925,3.8827
2017/11/10,3.6594,3.9118,3.9001
2017/11/13,3.6714,3.9394,3.961
2017/11/14,3.7036,3.9188,3.9503
2017/11/15,3.673,3.8834,3.9463
2017/11/16,3.6489,3.8641,3.9204
2017/11/17,3.6917,3.8659,3.9207
2017/11/20,3.6706,3.8795,3.9461
2017/11/21,3.6718,3.8858,3.9451
2017/11/22,3.6843,3.9073,3.9902
2017/11/23,3.7272,3.9195,3.991
2017/11/24,3.683,3.8851,3.9504
2017/11/27,3.7256,3.8863,3.9601
2017/11/28,3.7164,3.8869,3.961
2017/11/29,3.713,3.855,3.9293
2017/11/30,3.699,3.8372,3.8805
2017/12/1,3.6936,3.815,3.8903
2017/12/4,3.6834,3.804,3.89
2017/12/5,3.6983,3.8047,3.8817
2017/12/6,3.686,3.8032,3.8988
2017/12/7,3.7462,3.8243,3.9004
2017/12/8,3.7405,3.8406,3.9098
2017/12/11,3.7672,3.8889,3.9278
2017/12/12,3.7681,3.8972,3.9426
2017/12/13,3.7821,3.9082,3.9298
2017/12/14,3.7819,3.8964,3.9155
2017/12/15,3.7645,3.8532,3.8902
2017/12/18,3.7527,3.8437,3.9054
2017/12/19,3.7526,3.8388,3.9004
2017/12/20,3.7541,3.848,3.8968
2017/12/21,3.7927,3.8509,3.9048
2017/12/22,3.7838,3.8196,3.8803
2017/12/25,3.7902,3.8149,3.8807
2017/12/26,3.7904,3.8404,3.888
2017/12/27,3.7855,3.8356,3.9074
2017/12/28,3.7966,3.8475,3.8814
2017/12/29,3.7847,3.8445,3.8848
2018/1/2,3.7793,3.8356,3.9035
2018/1/3,3.698,3.8331,3.9182
2018/1/4,3.6972,3.8715,3.9282
2018/1/5,3.6416,3.8438,3.926
2018/1/8,3.6143,3.8415,3.9099
2018/1/9,3.6143,3.8317,3.8926
2018/1/10,3.5996,3.83,3.9194
2018/1/11,3.628,3.8689,3.9569
2018/1/12,3.6044,3.8516,3.9321
2018/1/15,3.6289,3.8753,3.9645
2018/1/16,3.6017,3.8703,3.9596
2018/1/17,3.6168,3.8825,3.9667
2018/1/18,3.6098,3.8924,3.9773
2018/1/19,3.6047,3.8951,3.9758
2018/1/22,3.5686,3.8611,3.9612
2018/1/23,3.572,3.8536,3.9519
2018/1/24,3.5729,3.8494,3.9435
2018/1/25,3.5828,3.8484,3.9419
2018/1/26,3.5604,3.8263,3.9317
2018/1/29,3.5611,3.8314,3.9387
2018/1/30,3.5444,3.8437,3.928
2018/1/31,3.5436,3.8278,3.9139
2018/2/1,3.5254,3.8251,3.9012
2018/2/2,3.5149,3.8283,3.9023
2018/2/5,3.5398,3.8487,3.9221
2018/2/6,3.5196,3.8173,3.8821
2018/2/7,3.5079,3.8168,3.8707
2018/2/8,3.5093,3.8263,3.8809
2018/2/9,3.5203,3.8169,3.8807
2018/2/12,3.5239,3.804,3.8703
2018/2/13,3.5351,3.8123,3.8697
2018/2/14,3.5235,3.7985,3.875
2018/2/22,3.5039,3.8158,3.8804
2018/2/23,3.5179,3.8057,3.871
2018/2/26,3.4034,3.7842,3.8446
2018/2/27,3.3561,3.7306,3.8196
2018/2/28,3.4148,3.6935,3.8151
2018/3/1,3.3921,3.6989,3.8211
2018/3/2,3.3929,3.7092,3.8362
2018/3/5,3.4389,3.733,3.853
2018/3/6,3.4201,3.7376,3.8189
2018/3/7,3.4226,3.7384,3.8233
2018/3/8,3.4022,3.7105,3.8214
2018/3/9,3.4159,3.7027,3.8327
2018/3/12,3.4105,3.6873,3.8344
2018/3/13,3.4315,3.6942,3.845
2018/3/14,3.4174,3.699,3.8458
2018/3/15,3.4284,3.6906,3.8382
2018/3/16,3.4585,3.7012,3.8234
2018/3/19,3.4227,3.7004,3.8121
2018/3/20,3.4453,3.6705,3.7859
2018/3/21,3.3949,3.6617,3.7627
2018/3/22,3.4166,3.661,3.7454
2018/3/23,3.4287,3.614,3.6992
2018/3/26,3.4047,3.6174,3.7209
2018/3/27,3.4336,3.6401,3.7324
2018/3/28,3.4636,3.6417,3.748
2018/3/29,3.4488,3.6633,3.7479
2018/3/30,3.4512,3.6624,3.7413
2018/4/2,3.4519,3.6514,3.741
2018/4/3,3.4537,3.6538,3.751
2018/4/4,3.4227,3.646,3.736
2018/4/9,3.3947,3.6061,3.6919
2018/4/10,3.3909,3.6121,3.7189
2018/4/11,3.3592,3.6257,3.7115
2018/4/12,3.3456,3.5652,3.7086
2018/4/13,3.2753,3.5266,3.7107
2018/4/16,3.3287,3.4842,3.6513
2018/4/17,3.2047,3.3902,3.6412
2018/4/18,3.1674,3.1933,3.4912
2018/4/19,3.0499,3.1872,3.5072
2018/4/20,3.1097,3.18,3.5278
2018/4/23,3.1583,3.2811,3.5967
2018/4/24,3.1845,3.2771,3.5871
2018/4/25,3.1261,3.2499,3.618
2018/4/26,3.1608,3.2864,3.6333
2018/4/27,3.1433,3.3075,3.6439
2018/5/2,3.2032,3.2768,3.6814
2018/5/3,3.1717,3.2541,3.6416
2018/5/4,3.1562,3.2461,3.6318
2018/5/7,3.141,3.2893,3.6515
2018/5/8,3.126,3.3353,3.7009
2018/5/9,3.102,3.3867,3.717
2018/5/10,3.0771,3.3839,3.6923
2018/5/11,3.0961,3.3896,3.6947
2018/5/14,3.1516,3.406,3.7026
2018/5/15,3.1599,3.4259,3.722
2018/5/16,3.1991,3.4409,3.7128
2018/5/17,3.1571,3.4629,3.719
2018/5/18,3.1359,3.4779,3.7139
2018/5/21,3.1486,3.4604,3.6985
2018/5/22,3.2031,3.4197,3.6549
2018/5/23,3.1915,3.4139,3.6513
2018/5/24,3.2157,3.4848,3.6453
2018/5/25,3.2161,3.4046,3.6063
2018/5/28,3.2178,3.4205,3.6107
2018/5/29,3.2181,3.4202,3.6004
2018/5/30,3.2291,3.4442,3.5992
2018/5/31,3.2419,3.4319,3.6162
2018/6/1,3.2538,3.4755,3.6231
2018/6/4,3.2995,3.4607,3.6522
2018/6/5,3.3149,3.4741,3.6619
2018/6/6,3.3233,3.5181,3.6671
2018/6/7,3.328,3.5387,3.6747
2018/6/8,3.3636,3.4591,3.6401
2018/6/11,3.3628,3.4662,3.6503
2018/6/12,3.3641,3.5194,3.6831
2018/6/13,3.3547,3.5138,3.6628
2018/6/14,3.3339,3.4793,3.6248
2018/6/15,3.2912,3.4596,3.6032
2018/6/19,3.2898,3.4328,3.5659
2018/6/20,3.3379,3.4528,3.6104
2018/6/21,3.3484,3.4462,3.5756
2018/6/22,3.3694,3.4101,3.5563
2018/6/25,3.3384,3.4188,3.5827
2018/6/26,3.3436,3.4432,3.5843
2018/6/27,3.3436,3.4128,3.5554
2018/6/28,3.301,3.391,3.531
2018/6/29,3.2334,3.362,3.4885
2018/7/2,3.198,3.3433,3.501
2018/7/3,3.219,3.3216,3.4971
2018/7/4,3.2054,3.3119,3.5136
2018/7/5,3.188,3.3133,3.5002
2018/7/6,3.1722,3.291,3.5329
2018/7/9,3.2078,3.3322,3.5474
2018/7/10,3.2466,3.32,3.5409
2018/7/11,3.215,3.3437,3.516
2018/7/12,3.1931,3.3134,3.5169
2018/7/13,3.205,3.2576,3.4907
2018/7/16,3.1449,3.3006,3.4771
2018/7/17,3.1428,3.3057,3.4811
2018/7/18,3.172,3.3005,3.4762
2018/7/19,3.1612,3.281,3.4408
2018/7/20,3.1768,3.2925,3.513
2018/7/23,3.1794,3.2963,3.5136
2018/7/24,3.1751,3.3068,3.5638
2018/7/25,3.1642,3.3124,3.5476
2018/7/26,3.1186,3.296,3.5371
2018/7/27,3.0665,3.2737,3.5285
2018/7/30,3.0306,3.2651,3.5232
2018/7/31,3.0174,3.2508,3.4914
2018/8/1,2.9773,3.1847,3.4612
2018/8/2,2.9485,3.1644,3.4797
2018/8/3,2.94,3.1554,3.4519
2018/8/6,2.9048,3.1574,3.4527
2018/8/7,2.7747,3.1378,3.4863
2018/8/8,2.841,3.2074,3.5278
2018/8/9,2.9082,3.2673,3.551
2018/8/10,2.9895,3.2885,3.5528
2018/8/13,3.0568,3.3586,3.5846
2018/8/14,3.0361,3.3082,3.5649
2018/8/15,3.0071,3.3306,3.5864
2018/8/16,3.0635,3.359,3.6178
2018/8/17,3.1013,3.3988,3.6499
2018/8/20,3.1319,3.409,3.6468
2018/8/21,3.1674,3.4697,3.6507
2018/8/22,3.1688,3.4588,3.6102
2018/8/23,3.1501,3.418,3.6001
2018/8/24,3.0961,3.3795,3.6208
2018/8/27,3.1047,3.4194,3.6303
2018/8/28,3.137,3.4249,3.6112
2018/8/29,3.1191,3.4112,3.6104
2018/8/30,3.1265,3.3829,3.5802
2018/8/31,3.1094,3.34,3.5727
2018/9/3,3.1149,3.361,3.5957
2018/9/4,3.1494,3.4012,3.61
2018/9/5,3.1566,3.4106,3.6125
2018/9/6,3.1658,3.4321,3.6102
2018/9/7,3.1452,3.437,3.63
2018/9/10,3.1497,3.4927,3.6501
2018/9/11,3.1743,3.5126,3.6702
2018/9/12,3.2086,3.5285,3.6653
2018/9/13,3.1506,3.4982,3.6499
2018/9/14,3.1594,3.4998,3.6352
2018/9/17,3.1421,3.4753,3.6353
2018/9/18,3.141,3.481,3.6453
2018/9/19,3.1517,3.497,3.6731
2018/9/20,3.2227,3.5172,3.6907
2018/9/21,3.2118,3.4974,3.67
2018/9/25,3.211,3.4937,3.6762
2018/9/26,3.2015,3.4797,3.6606
2018/9/27,3.1957,3.4691,3.6306
2018/9/28,3.1661,3.4398,3.6208
2018/10/8,3.1575,3.4443,3.6156
2018/10/9,3.145,3.4424,3.6148
2018/10/10,3.1509,3.4339,3.6156
2018/10/11,3.0848,3.4049,3.5783
2018/10/12,3.097,3.3954,3.5835
2018/10/15,3.0852,3.3975,3.591
2018/10/16,3.0892,3.4036,3.5805
2018/10/17,3.1263,3.4069,3.5813
2018/10/18,3.0921,3.4024,3.5519
2018/10/19,3.0884,3.3799,3.5608
2018/10/22,3.1129,3.3708,3.5986
2018/10/23,3.1117,3.3711,3.5719
2018/10/24,3.1042,3.3609,3.541
2018/10/25,3.0975,3.3519,3.5409
2018/10/26,3.079,3.3428,3.542
2018/10/29,3.0486,3.3228,3.5121
2018/10/30,3.0889,3.3079,3.5124
2018/10/31,3.0464,3.3132,3.5159
2018/11/1,3.036,3.3035,3.4961
2018/11/2,3.0521,3.3337,3.5529
2018/11/5,3.0119,3.3271,3.5306
2018/11/6,2.9938,3.3148,3.512
2018/11/7,2.9764,3.2946,3.4824
2018/11/8,2.9255,3.2761,3.4735
2018/11/9,2.8887,3.2767,3.4828
2018/11/12,2.8789,3.2779,3.4865
2018/11/13,2.8638,3.2573,3.4679
2018/11/14,2.7529,3.1577,3.424
2018/11/15,2.7501,3.1375,3.4087
2018/11/16,2.731,3.1378,3.3626
2018/11/19,2.7426,3.13,3.3751
2018/11/20,2.7564,3.1695,3.3777
2018/11/21,2.7892,3.1719,3.3722
2018/11/22,2.7304,3.1897,3.3928
2018/11/23,2.7442,3.2016,3.3977
2018/11/26,2.7713,3.1713,3.4041
2018/11/27,2.7725,3.1789,3.4147
2018/11/28,2.7349,3.1739,3.3951
2018/11/29,2.7461,3.1421,3.3697
2018/11/30,2.7111,3.1538,3.3698
2018/12/3,2.7482,3.126,3.36
2018/12/4,2.7149,3.0827,3.3201
2018/12/5,2.6956,3.0628,3.2776
2018/12/6,2.6674,3.0741,3.2753
2018/12/7,2.6461,3.0841,3.2904
2018/12/10,2.6564,3.0049,3.2657
2018/12/11,2.6839,2.9961,3.2661
2018/12/12,2.6502,3.0104,3.2708
2018/12/13,2.6818,3.0464,3.3115
2018/12/14,2.7315,3.0434,3.3517
2018/12/17,2.6997,3.0571,3.3516
2018/12/18,2.7557,3.0593,3.372
2018/12/19,2.7829,3.0568,3.3424
2018/12/20,2.7753,3.0434,3.3058
2018/12/21,2.7948,3.0361,3.3227
2018/12/24,2.781,3.0663,3.3353
2018/12/25,2.8202,3.064,3.3131
2018/12/26,2.7854,3.0648,3.3121
2018/12/27,2.7793,3.0663,3.2827
2018/12/28,2.7941,2.9868,3.2426
2019/1/2,2.6799,2.9493,3.2042
2019/1/3,2.6405,2.8984,3.1517
2019/1/4,2.634,2.9057,3.1316
2019/1/7,2.6075,2.9328,3.1509
2019/1/8,2.5581,2.9011,3.1115
2019/1/9,2.5688,2.8776,3.111
2019/1/10,2.5787,2.9027,3.1212
2019/1/11,2.6127,2.8936,3.1106
2019/1/14,2.6181,2.9147,3.1212
2019/1/15,2.6392,2.9533,3.1477
2019/1/16,2.6431,2.9173,3.0858
2019/1/17,2.5775,2.9043,3.0732
2019/1/18,2.5768,2.9248,3.1024
2019/1/21,2.5748,2.9413,3.1146
2019/1/22,2.5948,2.9438,3.1152
2019/1/23,2.5924,2.9422,3.1363
2019/1/24,2.5726,2.9303,3.1246
2019/1/25,2.5818,2.9433,3.1383
2019/1/28,2.5863,2.9311,3.1578
2019/1/29,2.5687,2.933,3.1322
2019/1/30,2.5381,2.9225,3.1276
2019/1/31,2.5806,2.914,3.1165
2019/2/1,2.5308,2.9163,3.1063
2019/2/11,2.5379,2.8926,3.0689
2019/2/12,2.495,2.8738,3.065
2019/2/13,2.4912,2.8615,3.0753
2019/2/14,2.5165,2.869,3.0971
2019/2/15,2.5075,2.8655,3.0873
2019/2/18,2.5064,2.901,3.0952
2019/2/19,2.5212,2.9019,3.1247
2019/2/20,2.5159,2.8959,3.1183
2019/2/21,2.5144,2.9132,3.1312
2019/2/22,2.5323,2.9224,3.1392
2019/2/25,2.5372,2.934,3.1805
2019/2/26,2.5907,3.0236,3.2106
2019/2/27,2.6034,3.0337,3.1689
2019/2/28,2.6308,3.0148,3.1656
2019/3/1,2.6251,3.05,3.1856
2019/3/4,2.6388,3.0587,3.2032
2019/3/5,2.6459,3.075,3.2043
2019/3/6,2.6512,3.0846,3.2092
2019/3/7,2.682,3.063,3.1729
2019/3/8,2.6458,3.0124,3.1419
2019/3/11,2.6068,3.0164,3.1401
2019/3/12,2.6274,3.0508,3.1423
2019/3/13,2.6619,3.0548,3.1423
2019/3/14,2.6555,3.055,3.1423
2019/3/15,2.6259,3.0689,3.1483
2019/3/18,2.6261,3.0998,3.1325
2019/3/19,2.6206,3.0438,3.1347
2019/3/20,2.6466,3.0531,3.1435
2019/3/21,2.616,3.0061,3.1305
2019/3/22,2.6065,3.0277,3.1132
2019/3/25,2.624,2.9936,3.0883
2019/3/26,2.6095,2.9791,3.0582
2019/3/27,2.5762,2.9821,3.0929
2019/3/28,2.567,2.9768,3.0633
2019/3/29,2.5761,2.9526,3.0633
2019/4/1,2.5974,2.996,3.1332
2019/4/2,2.6413,3.027,3.1729
2019/4/3,2.7236,3.1001,3.2427
2019/4/4,2.7468,3.114,3.2729
2019/4/8,2.7119,3.1078,3.2532
2019/4/9,2.7148,3.1737,3.2832
2019/4/10,2.7537,3.2357,3.3033
2019/4/11,2.6978,3.196,3.2836
2019/4/12,2.7412,3.1759,3.3145
2019/4/15,2.7928,3.2415,3.3638
2019/4/16,2.845,3.2633,3.4026
2019/4/17,2.8727,3.2316,3.3839
2019/4/18,2.9331,3.2106,3.3637
2019/4/19,2.8557,3.1999,3.3666
2019/4/22,2.8589,3.2344,3.4036
2019/4/23,2.8596,3.2452,3.4046
2019/4/24,2.8514,3.2646,3.4434
2019/4/25,2.8422,3.2443,3.4192
2019/4/26,2.8057,3.2154,3.409
2019/4/29,2.8897,3.225,3.4243
2019/4/30,2.8856,3.2075,3.385
2019/5/6,2.8266,3.147,3.3452
2019/5/7,2.8844,3.1678,3.3553
2019/5/8,2.8793,3.149,3.3456
2019/5/9,2.8579,3.1379,3.3306
2019/5/10,2.8406,3.1557,3.3163
2019/5/13,2.868,3.1362,3.2758
2019/5/14,2.8847,3.1551,3.2829
2019/5/15,2.8602,3.1552,3.2761
2019/5/16,2.8325,3.1398,3.2664
2019/5/17,2.8404,3.1345,3.2662
2019/5/20,2.8385,3.1306,3.2715
2019/5/21,2.8507,3.1406,3.296
2019/5/22,2.8501,3.1483,3.3236
2019/5/23,2.8607,3.1127,3.3044
2019/5/24,2.8498,3.1253,3.3072
2019/5/27,2.8875,3.146,3.356
2019/5/28,2.914,3.1601,3.3146
2019/5/29,2.8389,3.1123,3.2879
2019/5/30,2.8287,3.0716,3.2748
2019/5/31,2.783,3.0706,3.2697
2019/6/3,2.8416,3.0629,3.2432
2019/6/4,2.8335,3.0453,3.2104
2019/6/5,2.8354,3.0555,3.2102
2019/6/6,2.8303,3.061,3.2049
2019/6/10,2.8538,3.0805,3.22
2019/6/11,2.8642,3.1142,3.2602
2019/6/12,2.8661,3.1216,3.2597
2019/6/13,2.867,3.099,3.248
2019/6/14,2.8764,3.0786,3.2301
2019/6/17,2.856,3.0607,3.2255
2019/6/18,2.8539,3.066,3.2428
2019/6/19,2.8491,3.0664,3.2426
2019/6/20,2.8178,3.0556,3.2319
2019/6/21,2.8038,3.046,3.2365
2019/6/24,2.8339,3.0693,3.2458
2019/6/25,2.8289,3.0538,3.2351
2019/6/26,2.828,3.0689,3.2451
2019/6/27,2.8432,3.0744,3.2553
2019/6/28,2.8251,3.0589,3.2303
2019/7/1,2.8383,3.0597,3.2199
2019/7/2,2.8095,3.0293,3.171
2019/7/3,2.775,3.0004,3.1511
2019/7/4,2.7704,2.9885,3.1505
2019/7/5,2.7964,3.0145,3.1654
2019/7/8,2.8142,3.0399,3.1803
2019/7/9,2.8225,3.0194,3.1704
2019/7/10,2.813,3.028,3.1708
2019/7/11,2.7901,3.0122,3.1616
2019/7/12,2.7907,3.0218,3.1577
2019/7/15,2.8068,3.0315,3.1762
2019/7/16,2.8053,3.0323,3.1779
2019/7/17,2.8084,3.0281,3.1768
2019/7/18,2.8025,3.0122,3.1636
2019/7/19,2.8024,3.0092,3.1609
2019/7/22,2.7953,2.9987,3.1527
2019/7/23,2.7929,2.9938,3.1479
2019/7/24,2.8113,3.0136,3.1662
2019/7/25,2.798,3.0097,3.166
2019/7/26,2.8005,3.0064,3.1635
2019/7/29,2.8002,3.0265,3.1858
2019/7/30,2.8054,3.021,3.1813
2019/7/31,2.7943,2.9989,3.1562
2019/8/1,2.7847,2.9865,3.1465
2019/8/2,2.7645,2.9399,3.1012
2019/8/5,2.7452,2.8947,3.0561
2019/8/6,2.7453,2.9258,3.0593
2019/8/7,2.7431,2.9309,3.0511
2019/8/8,2.7304,2.9408,3.051
2019/8/9,2.6882,2.9177,3.0274
2019/8/12,2.6934,2.92,3.0388
2019/8/13,2.7011,2.902,3.0067
2019/8/14,2.6964,2.91,3.0023
2019/8/15,2.6938,2.9177,3.0115
2019/8/16,2.7028,2.9372,3.0216
2019/8/19,2.6919,2.9287,3.022
2019/8/20,2.6982,2.9308,3.0324
2019/8/21,2.7242,2.9599,3.0591
2019/8/22,2.7111,2.9626,3.0618
2019/8/23,2.7113,2.962,3.0616
2019/8/26,2.6903,2.943,3.0444
2019/8/27,2.6684,2.9492,3.052
2019/8/28,2.707,2.9552,3.0547
2019/8/29,2.69,2.93,3.0284
2019/8/30,2.7183,2.9589,3.0566
2019/9/2,2.6942,2.9662,3.0633
2019/9/3,2.7372,2.9791,3.0672
2019/9/4,2.7332,2.9684,3.0588
2019/9/5,2.6976,2.9307,3.0218
2019/9/6,2.6904,2.9074,3.0149
2019/9/9,2.6826,2.9337,3.0247
2019/9/10,2.6892,2.956,3.0472
2019/9/11,2.6861,2.9465,3.0523
2019/9/12,2.6869,2.9752,3.085
2019/9/16,2.6867,2.9776,3.0925
2019/9/17,2.6826,2.986,3.1076
2019/9/18,2.6728,3.0061,3.1327
2019/9/19,2.6681,2.9952,3.1102
2019/9/20,2.6479,2.9873,3.1005
2019/9/23,2.6541,2.9807,3.1034
2019/9/24,2.6567,2.991,3.1181
2019/9/25,2.6449,2.9863,3.116
2019/9/26,2.6587,2.9991,3.1366
2019/9/27,2.6497,3.0108,3.1478
2019/9/30,2.6665,3.0011,3.1559
2019/10/8,2.6733,2.9961,3.1143
2019/10/9,2.6647,2.997,3.1052
2019/10/10,2.6697,3.0178,3.1342
2019/10/11,2.664,3.0323,3.1545
2019/10/14,2.6682,3.0443,3.1644
2019/10/15,2.6437,3.0442,3.1719
2019/10/16,2.6782,3.0444,3.1712
2019/10/17,2.6752,3.0292,3.1552
2019/10/18,2.664,3.0496,3.1822
2019/10/21,2.6813,3.0227,3.2157
2019/10/22,2.7115,3.0371,3.2251
2019/10/23,2.7171,3.0331,3.2179
2019/10/24,2.7293,3.017,3.2225
2019/10/25,2.7196,3.0359,3.2382
2019/10/28,2.7301,3.0744,3.2925
2019/10/29,2.7457,3.0784,3.2988
2019/10/30,2.8111,3.1185,3.3411
2019/10/31,2.7846,3.0793,3.3032
2019/11/1,2.7771,3.0642,3.2812
2019/11/4,2.7639,3.0902,3.2954
2019/11/5,2.739,3.0605,3.2559
2019/11/6,2.7923,3.0525,3.2498
2019/11/7,2.7593,3.0658,3.2586
2019/11/8,2.7803,3.0719,3.2768
2019/11/11,2.7823,3.0484,3.2521
2019/11/12,2.7971,3.0569,3.2575
2019/11/13,2.7909,3.0625,3.247
2019/11/14,2.7941,3.0627,3.2643
2019/11/15,2.7803,3.0566,3.2472
2019/11/18,2.7616,3.0218,3.2074
2019/11/19,2.7433,2.9969,3.1802
2019/11/20,2.7482,2.9838,3.1767
2019/11/21,2.718,2.9706,3.1786
2019/11/22,2.7304,2.9691,3.1824
2019/11/25,2.7495,3,3.1904
2019/11/26,2.7443,3.0004,3.172
2019/11/27,2.7436,2.9883,3.1708
2019/11/28,2.7356,2.9809,3.1701
2019/11/29,2.7544,2.9753,3.1649
2019/12/2,2.7623,3.0016,3.1954
2019/12/3,2.7467,2.9919,3.1802
2019/12/4,2.7429,2.9783,3.1751
2019/12/5,2.7381,2.9781,3.1753
2019/12/6,2.7453,3.0116,3.1906
2019/12/9,2.7439,3.0023,3.1901
2019/12/10,2.7189,3.0025,3.1804
2019/12/11,2.7294,2.9935,3.1705
2019/12/12,2.7037,2.9781,3.1654
2019/12/13,2.7114,2.991,3.1834
2019/12/16,2.7137,2.9919,3.186
2019/12/17,2.7341,3.0093,3.2088
2019/12/18,2.7091,3.0149,3.2116
2019/12/19,2.699,3.0008,3.2147
2019/12/20,2.6843,2.9714,3.1768
2019/12/23,2.66,2.9476,3.167
2019/12/24,2.6427,2.9266,3.1563
2019/12/25,2.63,2.9227,3.1443
2019/12/26,2.6242,2.8879,3.1171
2019/12/27,2.5864,2.89,3.1326
2019/12/30,2.6131,2.8901,3.1318
2019/12/31,2.5347,2.8886,3.1354
2020/1/2,2.542,2.9039,3.15
2020/1/3,2.5731,2.9371,3.1498
2020/1/6,2.5391,2.9163,3.1312
2020/1/7,2.5178,2.9142,3.1416
2020/1/8,2.4872,2.8971,3.1345
2020/1/9,2.5107,2.8966,3.1278
2020/1/10,2.4966,2.8735,3.0937
2020/1/13,2.5018,2.8743,3.0869
2020/1/14,2.4989,2.894,3.1014
2020/1/15,2.5167,2.8765,3.0939
2020/1/16,2.4694,2.8871,3.0939
2020/1/17,2.5034,2.8896,3.0922
2020/1/20,2.4538,2.829,3.0608
2020/1/21,2.4235,2.8143,3.031
2020/1/22,2.4528,2.8254,3.0273
2020/1/23,2.4633,2.8163,2.9953
2020/2/3,2.2152,2.6233,2.8255
2020/2/4,2.2803,2.6371,2.8573
2020/2/5,2.2949,2.6376,2.8465
2020/2/6,2.275,2.6335,2.8411
2020/2/7,2.2794,2.6,2.8054
2020/2/10,2.2222,2.5679,2.8008
2020/2/11,2.2628,2.6007,2.8271
2020/2/12,2.2792,2.6076,2.8337
2020/2/13,2.3005,2.6078,2.8256
2020/2/14,2.3046,2.6219,2.8628
2020/2/17,2.3083,2.6506,2.8997
2020/2/18,2.2978,2.6472,2.8679
2020/2/19,2.2947,2.6539,2.8732
2020/2/20,2.252,2.6665,2.9026
2020/2/21,2.2248,2.6618,2.8616
2020/2/24,2.2258,2.6314,2.8219
2020/2/25,2.2334,2.6337,2.8194
2020/2/26,2.2209,2.6351,2.8096
2020/2/27,2.2317,2.5959,2.7723
2020/2/28,2.1758,2.5319,2.7226
2020/3/2,2.2269,2.5402,2.7353
2020/3/3,2.2794,2.5392,2.7453
2020/3/4,2.1644,2.4858,2.6808
2020/3/5,2.197,2.4848,2.6808
2020/3/6,2.1354,2.4533,2.6333
2020/3/9,2.0674,2.3709,2.5234
2020/3/10,2.0914,2.4047,2.6128
2020/3/11,2.1261,2.4508,2.5981
2020/3/12,2.1473,2.421,2.6467
2020/3/13,2.1671,2.5073,2.6705
2020/3/16,2.1396,2.4785,2.6732
2020/3/17,2.1462,2.4717,2.7154
2020/3/18,2.1369,2.4837,2.7016
2020/3/19,2.0613,2.506,2.7395
2020/3/20,2.0545,2.4864,2.7035
2020/3/23,2.0103,2.4243,2.6339
2020/3/24,2.0099,2.4044,2.6265
2020/3/25,1.9316,2.3896,2.629
2020/3/26,1.8754,2.3318,2.5996
2020/3/27,1.9174,2.3459,2.6126
2020/3/30,1.9299,2.324,2.6143
2020/3/31,1.8705,2.2892,2.5996
2020/4/1,1.7763,2.2638,2.5626
2020/4/2,1.8124,2.2839,2.5871
2020/4/3,1.7841,2.2974,2.6404
2020/4/7,1.5871,2.093,2.5303
2020/4/8,1.4234,2.0528,2.4947
2020/4/9,1.4109,2.0252,2.5102
2020/4/10,1.5032,2.0559,2.5494
2020/4/13,1.5275,2.0734,2.5685
2020/4/14,1.4582,2.042,2.5698
2020/4/15,1.4242,2.0221,2.5583
2020/4/16,1.3911,2.0243,2.5426
2020/4/17,1.3875,2.0295,2.5653
2020/4/20,1.372,2.032,2.6035
2020/4/21,1.3331,1.9873,2.5971
2020/4/22,1.3526,1.8872,2.5802
2020/4/23,1.2701,1.8392,2.5259
2020/4/24,1.2757,1.8393,2.4852
2020/4/27,1.2405,1.8667,2.5195
2020/4/28,1.2469,1.8474,2.5088
2020/4/29,1.2768,1.7961,2.4851
2020/4/30,1.2713,1.7911,2.526
2020/5/6,1.3183,1.8376,2.5617
2020/5/7,1.3196,1.9227,2.6209
2020/5/8,1.3515,1.9432,2.6137
2020/5/11,1.3978,2.0002,2.6695
2020/5/12,1.3833,2.0227,2.6737
2020/5/13,1.3992,2.0458,2.6776
2020/5/14,1.3831,2.0259,2.6823
2020/5/15,1.4331,1.9959,2.6965
2020/5/18,1.3918,2.0583,2.7191
2020/5/19,1.4176,2.1088,2.7279
2020/5/20,1.4736,2.1316,2.6825
2020/5/21,1.4973,2.1465,2.6698
2020/5/22,1.4526,2.0464,2.5993
2020/5/25,1.5139,2.1395,2.6852
2020/5/26,1.5741,2.2243,2.7359
2020/5/27,1.7917,2.2959,2.7556
2020/5/28,1.8123,2.2532,2.7217
2020/5/29,1.8418,2.2335,2.7309
2020/6/1,1.8099,2.2573,2.7435
2020/6/2,1.8979,2.3671,2.786
2020/6/3,2.059,2.3793,2.7905
2020/6/4,2.197,2.4698,2.8252
2020/6/5,2.2436,2.5181,2.8452
2020/6/8,2.1706,2.4997,2.8126
2020/6/9,2.0807,2.5046,2.825
2020/6/10,2.2027,2.5229,2.8226
2020/6/11,2.2374,2.4968,2.7751
2020/6/12,2.2208,2.4721,2.75
2020/6/15,2.2194,2.4926,2.7607
2020/6/16,2.2744,2.601,2.8351
2020/6/17,2.309,2.6471,2.8826
2020/6/18,2.2601,2.6307,2.865
2020/6/19,2.2833,2.6039,2.8704
2020/6/22,2.3044,2.6279,2.8903
2020/6/23,2.3539,2.6695,2.9165
2020/6/24,2.318,2.6074,2.8733
2020/6/29,2.2403,2.5827,2.8541
2020/6/30,2.2183,2.5805,2.8405
2020/7/1,2.2435,2.5966,2.8465
2020/7/2,2.2284,2.5807,2.8496
2020/7/3,2.2438,2.6104,2.9023
2020/7/6,2.437,2.7749,2.995
2020/7/7,2.4422,2.7935,3.0019
2020/7/8,2.4984,2.846,3.0441
2020/7/9,2.5096,2.8877,3.0815
2020/7/10,2.5013,2.8551,3.0361
2020/7/13,2.5249,2.8875,3.0508
2020/7/14,2.5263,2.8552,3.0209
2020/7/15,2.4722,2.7695,2.9609
2020/7/16,2.4514,2.7107,2.9411
2020/7/17,2.4312,2.7202,2.951
2020/7/20,2.4178,2.7051,2.9466
2020/7/21,2.3884,2.6547,2.9111
2020/7/22,2.3949,2.6294,2.8912
2020/7/23,2.3786,2.6424,2.9023
2020/7/24,2.3663,2.6232,2.8623
2020/7/27,2.3772,2.6324,2.8761
2020/7/28,2.4071,2.6658,2.9129
2020/7/29,2.4182,2.685,2.9394
2020/7/30,2.4461,2.6832,2.947
2020/7/31,2.4649,2.7073,2.9615
2020/8/3,2.4949,2.6957,2.9517
2020/8/4,2.5142,2.7069,2.9392
2020/8/5,2.5746,2.7616,2.9517
2020/8/6,2.5965,2.8241,2.977
2020/8/7,2.601,2.8358,2.9867
2020/8/10,2.5856,2.8196,2.9622
2020/8/11,2.5907,2.8246,2.9522
2020/8/12,2.6288,2.8628,2.9547
2020/8/13,2.6039,2.8477,2.9597
2020/8/14,2.5962,2.8332,2.9524
2020/8/17,2.5906,2.8108,2.9377
2020/8/18,2.5884,2.8435,2.9673
2020/8/19,2.6366,2.8806,2.9875
2020/8/20,2.6581,2.9032,2.9949
2020/8/21,2.6572,2.8822,2.9829
2020/8/24,2.6533,2.9004,2.9952
2020/8/25,2.7384,2.9475,3.0428
2020/8/26,2.7471,2.9775,3.0627
2020/8/27,2.7832,2.9889,3.0577
2020/8/28,2.7926,2.9899,3.0756
2020/8/31,2.7734,2.9678,3.0281
2020/9/1,2.784,2.9817,3.0382
2020/9/2,2.8242,3.0545,3.1004
2020/9/3,2.8585,3.0796,3.0959
2020/9/4,2.8838,3.0946,3.1229
2020/9/7,2.9101,3.1083,3.1531
2020/9/8,2.8899,3.0913,3.1263
2020/9/9,2.8573,3.031,3.0765
2020/9/10,2.7757,2.9914,3.0764
2020/9/11,2.8057,3.0394,3.1337
2020/9/14,2.8298,3.0671,3.1538
2020/9/15,2.7543,2.9956,3.1043
2020/9/16,2.7353,2.9989,3.1266
2020/9/17,2.7494,3.0185,3.1343
2020/9/18,2.7315,2.9891,3.1245
2020/9/21,2.7062,2.9516,3.1094
2020/9/22,2.7214,2.9316,3.0847
2020/9/23,2.7197,2.943,3.0846
2020/9/24,2.7374,2.9539,3.0798
2020/9/25,2.7564,2.9997,3.1195
2020/9/28,2.7774,3.0053,3.12
2020/9/29,2.7859,3.0221,3.1325
2020/9/30,2.8,3.0697,3.1574
2020/10/9,2.8831,3.1169,3.1878
2020/10/12,2.8735,3.0936,3.1858
2020/10/13,2.8651,3.107,3.1931
2020/10/14,2.9014,3.1461,3.2131
2020/10/15,2.9114,3.1652,3.2308
2020/10/16,2.9117,3.1574,3.231
2020/10/19,2.8993,3.1262,3.1941
2020/10/20,2.9089,3.1176,3.1965
2020/10/21,2.8818,3.1074,3.1961
2020/10/22,2.8281,3.0524,3.1595
2020/10/23,2.86,3.0202,3.1865
2020/10/26,2.8773,3.0081,3.1968
2020/10/27,2.875,2.993,3.1795
2020/10/28,2.8703,2.9903,3.1819
2020/10/29,2.8698,2.9935,3.1872
2020/10/30,2.8691,2.991,3.1898
2020/11/2,2.8698,2.9663,3.1801
2020/11/3,2.8622,2.9638,3.1775
2020/11/4,2.8682,2.9815,3.1797
2020/11/5,2.8837,2.992,3.1822
2020/11/6,2.9208,3.0374,3.2075
2020/11/9,2.9247,3.0591,3.2301
2020/11/10,2.9258,3.0482,3.2305
2020/11/11,2.9417,3.056,3.2365
2020/11/12,2.9529,3.0741,3.2527
2020/11/13,2.9945,3.1136,3.2779
2020/11/16,2.9789,3.1083,3.2752
2020/11/17,2.9976,3.1257,3.2878
2020/11/18,3.0547,3.1703,3.3224
2020/11/19,3.0831,3.1977,3.3375
2020/11/20,3.1182,3.1996,3.3305
2020/11/23,3.0753,3.1499,3.2724
2020/11/24,3.0984,3.1755,3.29
2020/11/25,3.0678,3.14,3.2699
2020/11/26,3.0564,3.1352,3.2826
2020/11/27,3.0606,3.1515,3.3001
2020/11/30,2.9612,3.0562,3.2425
2020/12/1,2.9781,3.0885,3.2651
2020/12/2,3.0173,3.1224,3.2976
2020/12/3,3.0233,3.1371,3.2876
2020/12/4,3.0015,3.1183,3.2653
2020/12/7,3.0116,3.1378,3.2776
2020/12/8,2.9897,3.1133,3.2577
2020/12/9,2.9805,3.1185,3.2703
2020/12/10,2.9337,3.1028,3.2601
2020/12/11,2.9679,3.1352,3.2902
2020/12/14,2.9698,3.1385,3.2903
2020/12/15,2.9332,3.0999,3.2753
2020/12/16,2.8861,3.0811,3.278
2020/12/17,2.8743,3.1054,3.2827
2020/12/18,2.8918,3.1203,3.288
2020/12/21,2.843,3.0795,3.2732
2020/12/22,2.8133,3.034,3.2282
2020/12/23,2.7797,3.0224,3.2153
2020/12/24,2.7899,3.0428,3.2254
2020/12/25,2.7657,3.004,3.1903
2020/12/28,2.7514,3.0016,3.1729
2020/12/29,2.7425,2.986,3.1529
2020/12/30,2.7162,2.9477,3.1359
2020/12/31,2.6991,2.9693,3.1432
2021/1/4,2.7247,3.006,3.1808
2021/1/5,2.73,2.9696,3.14
2021/1/6,2.7007,2.9611,3.143
2021/1/7,2.6441,2.9317,3.1255
